Sample,Location,MFI,Antigen
S1,ETH,6026,PvCSS
S1,ETH,8271,PvCSS
S10,ETH,39,PvCSS
S10,ETH,48,PvCSS
S2,ETH,3807,PvCSS
S2,ETH,5240,PvCSS
S3,ETH,2210.5,PvCSS
S3,ETH,2914,PvCSS
S4,ETH,1232.5,PvCSS
S4,ETH,1739,PvCSS
S5,ETH,703,PvCSS
S5,ETH,931,PvCSS
S6,ETH,380.5,PvCSS
S6,ETH,542,PvCSS
S7,ETH,198,PvCSS
S7,ETH,298.5,PvCSS
S8,ETH,114,PvCSS
S8,ETH,164,PvCSS
S9,ETH,65,PvCSS
S9,ETH,85,PvCSS
S1,PNG,14729,PvCSS
S1,PNG,19648,PvCSS
S10,PNG,129,PvCSS
S10,PNG,374,PvCSS
S2,PNG,10660,PvCSS
S2,PNG,16862,PvCSS
S3,PNG,6882,PvCSS
S3,PNG,12835.5,PvCSS
S4,PNG,4798.5,PvCSS
S4,PNG,8927,PvCSS
S5,PNG,2642.5,PvCSS
S5,PNG,5939,PvCSS
S6,PNG,1548,PvCSS
S6,PNG,3411,PvCSS
S7,PNG,838,PvCSS
S7,PNG,2021.5,PvCSS
S8,PNG,457,PvCSS
S8,PNG,1218.5,PvCSS
S9,PNG,248,PvCSS
S9,PNG,673,PvCSS
S1,ETH,19381,EBP
S1,ETH,26445.5,EBP
S10,ETH,385,EBP
S10,ETH,1804,EBP
S2,ETH,16181,EBP
S2,ETH,24720,EBP
S3,ETH,12476,EBP
S3,ETH,23285,EBP
S4,ETH,9122.5,EBP
S4,ETH,21081,EBP
S5,ETH,6319,EBP
S5,ETH,15376.5,EBP
S6,ETH,3799,EBP
S6,ETH,11822,EBP
S7,ETH,2111,EBP
S7,ETH,7650,EBP
S8,ETH,1250,EBP
S8,ETH,5617,EBP
S9,ETH,738,EBP
S9,ETH,3076,EBP
S1,PNG,23306,EBP
S1,PNG,19381,EBP
S10,PNG,808,EBP
S10,PNG,385,EBP
S2,PNG,19722,EBP
S2,PNG,16181,EBP
S3,PNG,15564,EBP
S3,PNG,12476,EBP
S4,PNG,12840,EBP
S4,PNG,9122.5,EBP
S5,PNG,9304.5,EBP
S5,PNG,6319,EBP
S6,PNG,5987,EBP
S6,PNG,3799,EBP
S7,PNG,3750,EBP
S7,PNG,2111,EBP
S8,PNG,2186,EBP
S8,PNG,1250,EBP
S9,PNG,1391,EBP
S9,PNG,738,EBP
S1,ETH,15185,LF005
S1,ETH,19125,LF005
S10,ETH,188,LF005
S10,ETH,272,LF005
S2,ETH,12344.5,LF005
S2,ETH,15045,LF005
S3,ETH,8734,LF005
S3,ETH,11334,LF005
S4,ETH,5778,LF005
S4,ETH,7776.5,LF005
S5,ETH,3342,LF005
S5,ETH,4848,LF005
S6,ETH,1966,LF005
S6,ETH,2807,LF005
S7,ETH,1115,LF005
S7,ETH,1656,LF005
S8,ETH,645,LF005
S8,ETH,931,LF005
S9,ETH,360,LF005
S9,ETH,487,LF005
S1,PNG,12810,LF005
S1,PNG,8104.5,LF005
S10,PNG,161,LF005
S10,PNG,92,LF005
S2,PNG,9905,LF005
S2,PNG,6491,LF005
S3,PNG,6249.5,LF005
S3,PNG,4827.5,LF005
S4,PNG,4415.5,LF005
S4,PNG,2734,LF005
S5,PNG,2424,LF005
S5,PNG,1659,LF005
S6,PNG,1469,LF005
S6,PNG,965,LF005
S7,PNG,824.5,LF005
S7,PNG,529,LF005
S8,PNG,486.5,LF005
S8,PNG,306,LF005
S9,PNG,294.5,LF005
S9,PNG,165,LF005
S1,ETH,25614,LF010
S1,ETH,30840,LF010
S10,ETH,533,LF010
S10,ETH,733,LF010
S2,ETH,22432,LF010
S2,ETH,25476,LF010
S3,ETH,16889.5,LF010
S3,ETH,20131,LF010
S4,ETH,11777,LF010
S4,ETH,14126,LF010
S5,ETH,7743,LF010
S5,ETH,9287,LF010
S6,ETH,4888.5,LF010
S6,ETH,6004,LF010
S7,ETH,2643,LF010
S7,ETH,3830,LF010
S8,ETH,1648,LF010
S8,ETH,2157.5,LF010
S9,ETH,999,LF010
S9,ETH,1276.5,LF010
S1,PNG,25999,LF010
S1,PNG,22476,LF010
S10,PNG,615.5,LF010
S10,PNG,489,LF010
S2,PNG,21876,LF010
S2,PNG,20198.5,LF010
S3,PNG,15534,LF010
S3,PNG,14712,LF010
S4,PNG,11512,LF010
S4,PNG,9994,LF010
S5,PNG,7758,LF010
S5,PNG,7213.5,LF010
S6,PNG,4957.5,LF010
S6,PNG,4511,LF010
S7,PNG,2723,LF010
S7,PNG,2430,LF010
S8,PNG,1693,LF010
S8,PNG,1588,LF010
S9,PNG,1072,LF010
S9,PNG,891,LF010
S1,ETH,25746,LF016
S1,ETH,29323.5,LF016
S10,ETH,4208.5,LF016
S10,ETH,6366.5,LF016
S2,ETH,27574,LF016
S2,ETH,29117,LF016
S3,ETH,27574,LF016
S3,ETH,29145,LF016
S4,ETH,26657.5,LF016
S4,ETH,28361,LF016
S5,ETH,24052,LF016
S5,ETH,26739,LF016
S6,ETH,20217.5,LF016
S6,ETH,22733,LF016
S7,ETH,14976,LF016
S7,ETH,19010,LF016
S8,ETH,11041.5,LF016
S8,ETH,13887,LF016
S9,ETH,7268,LF016
S9,ETH,9485.5,LF016
S1,PNG,25083,LF016
S1,PNG,21707.5,LF016
S10,PNG,697,LF016
S10,PNG,649.5,LF016
S2,PNG,21705,LF016
S2,PNG,20283,LF016
S3,PNG,16445,LF016
S3,PNG,16404,LF016
S4,PNG,13008,LF016
S4,PNG,12236.5,LF016
S5,PNG,8884,LF016
S5,PNG,8655,LF016
S6,PNG,6062,LF016
S6,PNG,5988,LF016
S7,PNG,3193,LF016
S7,PNG,3321.5,LF016
S8,PNG,2006,LF016
S8,PNG,2022,LF016
S9,PNG,1221.5,LF016
S9,PNG,1146,LF016
S1,ETH,23281,MSP8
S1,ETH,27466,MSP8
S10,ETH,456.5,MSP8
S10,ETH,782.5,MSP8
S2,ETH,21139.5,MSP8
S2,ETH,24838,MSP8
S3,ETH,16490.5,MSP8
S3,ETH,20978.5,MSP8
S4,ETH,11736,MSP8
S4,ETH,16125.5,MSP8
S5,ETH,7974,MSP8
S5,ETH,10891,MSP8
S6,ETH,4836,MSP8
S6,ETH,7297,MSP8
S7,ETH,2609,MSP8
S7,ETH,4644,MSP8
S8,ETH,1553,MSP8
S8,ETH,2443.5,MSP8
S9,ETH,882,MSP8
S9,ETH,1387,MSP8
S1,PNG,29382,MSP8
S1,PNG,23665,MSP8
S10,PNG,756,MSP8
S10,PNG,640.5,MSP8
S2,PNG,25198.5,MSP8
S2,PNG,22499,MSP8
S3,PNG,17662.5,MSP8
S3,PNG,16834,MSP8
S4,PNG,13611,MSP8
S4,PNG,12080.5,MSP8
S5,PNG,8915,MSP8
S5,PNG,8048,MSP8
S6,PNG,5782,MSP8
S6,PNG,5275,MSP8
S7,PNG,3137,MSP8
S7,PNG,2938,MSP8
S8,PNG,1957.5,MSP8
S8,PNG,1872,MSP8
S9,PNG,1241,MSP8
S9,PNG,1089.5,MSP8
S1,ETH,9171,PTEX150
S1,ETH,12106.5,PTEX150
S10,ETH,70,PTEX150
S10,ETH,89.5,PTEX150
S2,ETH,6700,PTEX150
S2,ETH,8695,PTEX150
S3,ETH,4208.5,PTEX150
S3,ETH,5644,PTEX150
S4,ETH,2280.5,PTEX150
S4,ETH,3305,PTEX150
S5,ETH,1342,PTEX150
S5,ETH,1851.5,PTEX150
S6,ETH,781,PTEX150
S6,ETH,1119.5,PTEX150
S7,ETH,417.5,PTEX150
S7,ETH,611,PTEX150
S8,ETH,223,PTEX150
S8,ETH,324,PTEX150
S9,ETH,122,PTEX150
S9,ETH,165.5,PTEX150
S1,PNG,17613,PTEX150
S1,PNG,16845.5,PTEX150
S10,PNG,307,PTEX150
S10,PNG,389.5,PTEX150
S2,PNG,13516.5,PTEX150
S2,PNG,15178,PTEX150
S3,PNG,9234,PTEX150
S3,PNG,11675,PTEX150
S4,PNG,7283,PTEX150
S4,PNG,8319,PTEX150
S5,PNG,4869,PTEX150
S5,PNG,5722,PTEX150
S6,PNG,2789,PTEX150
S6,PNG,3361,PTEX150
S7,PNG,1655,PTEX150
S7,PNG,2051,PTEX150
S8,PNG,992,PTEX150
S8,PNG,1242,PTEX150
S9,PNG,577,PTEX150
S9,PNG,704,PTEX150
S1,ETH,11787.5,RBP2b.P87
S1,ETH,14455,RBP2b.P87
S10,ETH,316,RBP2b.P87
S10,ETH,507,RBP2b.P87
S2,ETH,10658,RBP2b.P87
S2,ETH,13699,RBP2b.P87
S3,ETH,8488,RBP2b.P87
S3,ETH,11146,RBP2b.P87
S4,ETH,6504,RBP2b.P87
S4,ETH,8473,RBP2b.P87
S5,ETH,4806.5,RBP2b.P87
S5,ETH,5607,RBP2b.P87
S6,ETH,2724,RBP2b.P87
S6,ETH,4371,RBP2b.P87
S7,ETH,1672.5,RBP2b.P87
S7,ETH,2234,RBP2b.P87
S8,ETH,1051,RBP2b.P87
S8,ETH,1248,RBP2b.P87
S9,ETH,601,RBP2b.P87
S9,ETH,636,RBP2b.P87
S1,PNG,14693,RBP2b.P87
S1,PNG,13426.5,RBP2b.P87
S10,PNG,711.5,RBP2b.P87
S10,PNG,938,RBP2b.P87
S2,PNG,12666,RBP2b.P87
S2,PNG,13860,RBP2b.P87
S3,PNG,10906,RBP2b.P87
S3,PNG,12182,RBP2b.P87
S4,PNG,9545,RBP2b.P87
S4,PNG,9449.5,RBP2b.P87
S5,PNG,7221.5,RBP2b.P87
S5,PNG,8063,RBP2b.P87
S6,PNG,5153,RBP2b.P87
S6,PNG,6355,RBP2b.P87
S7,PNG,3151.5,RBP2b.P87
S7,PNG,4390.5,RBP2b.P87
S8,PNG,1953,RBP2b.P87
S8,PNG,1959,RBP2b.P87
S9,PNG,1255,RBP2b.P87
S9,PNG,1460,RBP2b.P87
S1,PNG,11040,LF005
S1,PNG,15474.5,EBP
S1,PNG,23275,LF010
S1,PNG,8608,PTEX150
S1,PNG,8475,RBP2b.P87
S1,PNG,21419,LF016
S1,PNG,11508,PvCSS
S2,PNG,9236,LF005
S2,PNG,13023,EBP
S2,PNG,20576,LF010
S2,PNG,5896,PTEX150
S2,PNG,7593.5,RBP2b.P87
S2,PNG,18561,LF016
S2,PNG,8174.5,PvCSS
S3,PNG,6571,LF005
S3,PNG,10904,EBP
S3,PNG,16715,LF010
S3,PNG,5126.5,PTEX150
S3,PNG,6106.5,RBP2b.P87
S3,PNG,15266,LF016
S3,PNG,6152.5,PvCSS
S4,PNG,4438,LF005
S4,PNG,8172,EBP
S4,PNG,12482,LF010
S4,PNG,3063.5,PTEX150
S4,PNG,4857,RBP2b.P87
S4,PNG,11864,LF016
S4,PNG,3903,PvCSS
S5,PNG,2406,LF005
S5,PNG,5456,EBP
S5,PNG,8454,LF010
S5,PNG,2018,PTEX150
S5,PNG,3385.5,RBP2b.P87
S5,PNG,7812,LF016
S5,PNG,2184,PvCSS
S6,PNG,1435,LF005
S6,PNG,3090,EBP
S6,PNG,5258.5,LF010
S6,PNG,1255.5,PTEX150
S6,PNG,2142,RBP2b.P87
S6,PNG,5135,LF016
S6,PNG,1202,PvCSS
S7,PNG,874,LF005
S7,PNG,1930,EBP
S7,PNG,3166,LF010
S7,PNG,784,PTEX150
S7,PNG,1468,RBP2b.P87
S7,PNG,2973,LF016
S7,PNG,663.5,PvCSS
S8,PNG,473,LF005
S8,PNG,1146,EBP
S8,PNG,1922,LF010
S8,PNG,422.5,PTEX150
S8,PNG,927,RBP2b.P87
S8,PNG,1763,LF016
S8,PNG,341,PvCSS
S9,PNG,263,LF005
S9,PNG,646,EBP
S9,PNG,1163,LF010
S9,PNG,240,PTEX150
S9,PNG,499,RBP2b.P87
S9,PNG,1014.5,LF016
S9,PNG,175,PvCSS
S10,PNG,142,LF005
S10,PNG,366,EBP
S10,PNG,686,LF010
S10,PNG,140.5,PTEX150
S10,PNG,317,RBP2b.P87
S10,PNG,579.5,LF016
S10,PNG,87.5,PvCSS
S1,PNG,11061.5,LF005
S1,PNG,15340,EBP
S1,PNG,24389,LF010
S1,PNG,9445.5,PTEX150
S1,PNG,8172.5,RBP2b.P87
S1,PNG,21006,LF016
S1,PNG,11310,PvCSS
S2,PNG,9030,LF005
S2,PNG,13578,EBP
S2,PNG,21334,LF010
S2,PNG,7198.5,PTEX150
S2,PNG,7630,RBP2b.P87
S2,PNG,19569,LF016
S2,PNG,8786,PvCSS
S3,PNG,6560.5,LF005
S3,PNG,10653,EBP
S3,PNG,16401,LF010
S3,PNG,5217.5,PTEX150
S3,PNG,6020,RBP2b.P87
S3,PNG,15775,LF016
S3,PNG,6058,PvCSS
S4,PNG,3946,LF005
S4,PNG,7701,EBP
S4,PNG,11698.5,LF010
S4,PNG,2961,PTEX150
S4,PNG,4668.5,RBP2b.P87
S4,PNG,11334,LF016
S4,PNG,3461,PvCSS
S5,PNG,2144.5,LF005
S5,PNG,4844.5,EBP
S5,PNG,7384,LF010
S5,PNG,1874,PTEX150
S5,PNG,3141,RBP2b.P87
S5,PNG,7194,LF016
S5,PNG,1887,PvCSS
S6,PNG,1298,LF005
S6,PNG,2823,EBP
S6,PNG,5121,LF010
S6,PNG,1149,PTEX150
S6,PNG,2219.5,RBP2b.P87
S6,PNG,4745,LF016
S6,PNG,1105,PvCSS
S7,PNG,775,LF005
S7,PNG,1801.5,EBP
S7,PNG,2970,LF010
S7,PNG,723.5,PTEX150
S7,PNG,1399.5,RBP2b.P87
S7,PNG,2780.5,LF016
S7,PNG,622,PvCSS
S8,PNG,439,LF005
S8,PNG,1013.5,EBP
S8,PNG,1801,LF010
S8,PNG,397,PTEX150
S8,PNG,822,RBP2b.P87
S8,PNG,1628,LF016
S8,PNG,295,PvCSS
S9,PNG,241,LF005
S9,PNG,597,EBP
S9,PNG,1088.5,LF010
S9,PNG,227,PTEX150
S9,PNG,502,RBP2b.P87
S9,PNG,928,LF016
S9,PNG,161,PvCSS
S10,PNG,136,LF005
S10,PNG,328,EBP
S10,PNG,635.5,LF010
S10,PNG,127,PTEX150
S10,PNG,276,RBP2b.P87
S10,PNG,554,LF016
S10,PNG,90,PvCSS
S1,PNG,13034,LF005
S1,PNG,16598,EBP
S1,PNG,27119,LF010
S1,PNG,12117,PTEX150
S1,PNG,9068,RBP2b.P87
S1,PNG,24035.5,LF016
S1,PNG,13297,PvCSS
S2,PNG,10401,LF005
S2,PNG,14292,EBP
S2,PNG,23846,LF010
S2,PNG,8550,PTEX150
S2,PNG,7869,RBP2b.P87
S2,PNG,20925,LF016
S2,PNG,9639.5,PvCSS
S3,PNG,7633.5,LF005
S3,PNG,11719,EBP
S3,PNG,18861,LF010
S3,PNG,6181,PTEX150
S3,PNG,6617,RBP2b.P87
S3,PNG,17116,LF016
S3,PNG,6757,PvCSS
S4,PNG,5212,LF005
S4,PNG,8964.5,EBP
S4,PNG,14394,LF010
S4,PNG,4318,PTEX150
S4,PNG,5298,RBP2b.P87
S4,PNG,13256.5,LF016
S4,PNG,4770,PvCSS
S5,PNG,2764,LF005
S5,PNG,5901,EBP
S5,PNG,9667,LF010
S5,PNG,2381.5,PTEX150
S5,PNG,4021,RBP2b.P87
S5,PNG,8858.5,LF016
S5,PNG,2466,PvCSS
S6,PNG,1653,LF005
S6,PNG,3664,EBP
S6,PNG,6301,LF010
S6,PNG,1436,PTEX150
S6,PNG,2347,RBP2b.P87
S6,PNG,5792,LF016
S6,PNG,1433.5,PvCSS
S7,PNG,961,LF005
S7,PNG,2134,EBP
S7,PNG,3648.5,LF010
S7,PNG,882,PTEX150
S7,PNG,1607,RBP2b.P87
S7,PNG,3248,LF016
S7,PNG,714,PvCSS
S8,PNG,539,LF005
S8,PNG,1228,EBP
S8,PNG,2171,LF010
S8,PNG,508,PTEX150
S8,PNG,995,RBP2b.P87
S8,PNG,1940,LF016
S8,PNG,409.5,PvCSS
S9,PNG,297.5,LF005
S9,PNG,718,EBP
S9,PNG,1295,LF010
S9,PNG,274,PTEX150
S9,PNG,572.5,RBP2b.P87
S9,PNG,1139.5,LF016
S9,PNG,218,PvCSS
S10,PNG,169,LF005
S10,PNG,389,EBP
S10,PNG,758,LF010
S10,PNG,155,PTEX150
S10,PNG,304,RBP2b.P87
S10,PNG,641,LF016
S10,PNG,112,PvCSS
S1,PNG,13086,LF005
S1,PNG,16855.5,EBP
S1,PNG,27555,LF010
S1,PNG,11376,PTEX150
S1,PNG,9049,RBP2b.P87
S1,PNG,24213.5,LF016
S1,PNG,12719.5,PvCSS
S2,PNG,10394,LF005
S2,PNG,14339,EBP
S2,PNG,24027,LF010
S2,PNG,8426,PTEX150
S2,PNG,7836.5,RBP2b.P87
S2,PNG,20488.5,LF016
S2,PNG,9260,PvCSS
S3,PNG,7421,LF005
S3,PNG,11297,EBP
S3,PNG,18546,LF010
S3,PNG,6105,PTEX150
S3,PNG,6263,RBP2b.P87
S3,PNG,17507,LF016
S3,PNG,6707.5,PvCSS
S4,PNG,4985,LF005
S4,PNG,8925,EBP
S4,PNG,13923,LF010
S4,PNG,3960,PTEX150
S4,PNG,5412,RBP2b.P87
S4,PNG,12740.5,LF016
S4,PNG,4567,PvCSS
S5,PNG,2710.5,LF005
S5,PNG,6138,EBP
S5,PNG,9490,LF010
S5,PNG,2412,PTEX150
S5,PNG,3827,RBP2b.P87
S5,PNG,8998,LF016
S5,PNG,2326,PvCSS
S6,PNG,1610.5,LF005
S6,PNG,3692,EBP
S6,PNG,6331,LF010
S6,PNG,1462,PTEX150
S6,PNG,2282,RBP2b.P87
S6,PNG,5639.5,LF016
S6,PNG,1396,PvCSS
S7,PNG,940,LF005
S7,PNG,2076.5,EBP
S7,PNG,3715,LF010
S7,PNG,862,PTEX150
S7,PNG,1596,RBP2b.P87
S7,PNG,3307,LF016
S7,PNG,744,PvCSS
S8,PNG,547,LF005
S8,PNG,1238,EBP
S8,PNG,2173.5,LF010
S8,PNG,509,PTEX150
S8,PNG,948.5,RBP2b.P87
S8,PNG,2037,LF016
S8,PNG,416.5,PvCSS
S9,PNG,299,LF005
S9,PNG,726,EBP
S9,PNG,1356,LF010
S9,PNG,284,PTEX150
S9,PNG,593,RBP2b.P87
S9,PNG,1130.5,LF016
S9,PNG,213,PvCSS
S10,PNG,163,LF005
S10,PNG,407.5,EBP
S10,PNG,790,LF010
S10,PNG,156,PTEX150
S10,PNG,327,RBP2b.P87
S10,PNG,632,LF016
S10,PNG,108.5,PvCSS
S1,PNG,13137.5,LF005
S1,PNG,17046,EBP
S1,PNG,28097.5,LF010
S1,PNG,12289,PTEX150
S1,PNG,8862,RBP2b.P87
S1,PNG,24857,LF016
S1,PNG,13222.5,PvCSS
S2,PNG,10280,LF005
S2,PNG,14363.5,EBP
S2,PNG,24214,LF010
S2,PNG,8484,PTEX150
S2,PNG,8078,RBP2b.P87
S2,PNG,21144,LF016
S2,PNG,9622,PvCSS
S3,PNG,7077,LF005
S3,PNG,10833,EBP
S3,PNG,17860,LF010
S3,PNG,5611,PTEX150
S3,PNG,6121,RBP2b.P87
S3,PNG,16149.5,LF016
S3,PNG,6325,PvCSS
S4,PNG,5017,LF005
S4,PNG,8663,EBP
S4,PNG,13662,LF010
S4,PNG,4040,PTEX150
S4,PNG,5092,RBP2b.P87
S4,PNG,12604,LF016
S4,PNG,4433.5,PvCSS
S5,PNG,2701,LF005
S5,PNG,5991,EBP
S5,PNG,9624,LF010
S5,PNG,2337,PTEX150
S5,PNG,3671,RBP2b.P87
S5,PNG,8762,LF016
S5,PNG,2390.5,PvCSS
S6,PNG,1620,LF005
S6,PNG,3292,EBP
S6,PNG,6316.5,LF010
S6,PNG,1450.5,PTEX150
S6,PNG,2365,RBP2b.P87
S6,PNG,5668,LF016
S6,PNG,1370,PvCSS
S7,PNG,910,LF005
S7,PNG,1998,EBP
S7,PNG,3503,LF010
S7,PNG,866,PTEX150
S7,PNG,1542.5,RBP2b.P87
S7,PNG,3158.5,LF016
S7,PNG,729,PvCSS
S8,PNG,493,LF005
S8,PNG,1107,EBP
S8,PNG,2028,LF010
S8,PNG,455,PTEX150
S8,PNG,862,RBP2b.P87
S8,PNG,1806,LF016
S8,PNG,367.5,PvCSS
S9,PNG,267,LF005
S9,PNG,649,EBP
S9,PNG,1246,LF010
S9,PNG,250,PTEX150
S9,PNG,519,RBP2b.P87
S9,PNG,1006.5,LF016
S9,PNG,201.5,PvCSS
S10,PNG,153,LF005
S10,PNG,370,EBP
S10,PNG,717,LF010
S10,PNG,139,PTEX150
S10,PNG,310,RBP2b.P87
S10,PNG,599,LF016
S10,PNG,96,PvCSS
S1,PNG,11581.5,LF005
S1,PNG,15463,EBP
S1,PNG,26024,LF010
S1,PNG,10475.5,PTEX150
S1,PNG,8246.5,RBP2b.P87
S1,PNG,22623,LF016
S1,PNG,11407,PvCSS
S2,PNG,9416,LF005
S2,PNG,13384,EBP
S2,PNG,22617,LF010
S2,PNG,7922.5,PTEX150
S2,PNG,7439,RBP2b.P87
S2,PNG,20016,LF016
S2,PNG,8646.5,PvCSS
S3,PNG,7112.5,LF005
S3,PNG,11236,EBP
S3,PNG,18231,LF010
S3,PNG,6035,PTEX150
S3,PNG,6430.5,RBP2b.P87
S3,PNG,16596.5,LF016
S3,PNG,6425,PvCSS
S4,PNG,4523,LF005
S4,PNG,8162,EBP
S4,PNG,12773,LF010
S4,PNG,3724.5,PTEX150
S4,PNG,4886.5,RBP2b.P87
S4,PNG,11894,LF016
S4,PNG,3714,PvCSS
S5,PNG,2487,LF005
S5,PNG,5243,EBP
S5,PNG,8428.5,LF010
S5,PNG,2152,PTEX150
S5,PNG,3207,RBP2b.P87
S5,PNG,7902,LF016
S5,PNG,2081,PvCSS
S6,PNG,1479.5,LF005
S6,PNG,3172,EBP
S6,PNG,5667.5,LF010
S6,PNG,1307,PTEX150
S6,PNG,2351,RBP2b.P87
S6,PNG,5347,LF016
S6,PNG,1210,PvCSS
S7,PNG,861.5,LF005
S7,PNG,1876,EBP
S7,PNG,3177,LF010
S7,PNG,773,PTEX150
S7,PNG,1398,RBP2b.P87
S7,PNG,2882,LF016
S7,PNG,663,PvCSS
S8,PNG,482,LF005
S8,PNG,1144.5,EBP
S8,PNG,2020,LF010
S8,PNG,451.5,PTEX150
S8,PNG,870,RBP2b.P87
S8,PNG,1775,LF016
S8,PNG,354,PvCSS
S9,PNG,272.5,LF005
S9,PNG,669,EBP
S9,PNG,1212,LF010
S9,PNG,253,PTEX150
S9,PNG,546,RBP2b.P87
S9,PNG,1075,LF016
S9,PNG,191,PvCSS
S10,PNG,151,LF005
S10,PNG,383,EBP
S10,PNG,722,LF010
S10,PNG,138,PTEX150
S10,PNG,309,RBP2b.P87
S10,PNG,596,LF016
S10,PNG,98,PvCSS
S1,PNG,12418,LF005
S1,PNG,16371,EBP
S1,PNG,26222.5,LF010
S1,PNG,10983.5,PTEX150
S1,PNG,8308,RBP2b.P87
S1,PNG,23198,LF016
S1,PNG,12070,PvCSS
S2,PNG,10360,LF005
S2,PNG,14073,EBP
S2,PNG,24328,LF010
S2,PNG,8813.5,PTEX150
S2,PNG,7801.5,RBP2b.P87
S2,PNG,20957.5,LF016
S2,PNG,9569,PvCSS
S3,PNG,7577.5,LF005
S3,PNG,11588.5,EBP
S3,PNG,19079,LF010
S3,PNG,6353,PTEX150
S3,PNG,6674,RBP2b.P87
S3,PNG,17506.5,LF016
S3,PNG,6638,PvCSS
S4,PNG,5128,LF005
S4,PNG,8799,EBP
S4,PNG,14101,LF010
S4,PNG,4122,PTEX150
S4,PNG,5239,RBP2b.P87
S4,PNG,13198,LF016
S4,PNG,4649.5,PvCSS
S5,PNG,2852,LF005
S5,PNG,6191,EBP
S5,PNG,9926,LF010
S5,PNG,2444.5,PTEX150
S5,PNG,4073,RBP2b.P87
S5,PNG,9057.5,LF016
S5,PNG,2515.5,PvCSS
S6,PNG,1748,LF005
S6,PNG,3916,EBP
S6,PNG,6589,LF010
S6,PNG,1486,PTEX150
S6,PNG,2406,RBP2b.P87
S6,PNG,6096.5,LF016
S6,PNG,1414,PvCSS
S7,PNG,1019,LF005
S7,PNG,2179,EBP
S7,PNG,4195,LF010
S7,PNG,892,PTEX150
S7,PNG,1676,RBP2b.P87
S7,PNG,3562,LF016
S7,PNG,782,PvCSS
S8,PNG,587,LF005
S8,PNG,1310,EBP
S8,PNG,2402.5,LF010
S8,PNG,549,PTEX150
S8,PNG,1050,RBP2b.P87
S8,PNG,2098,LF016
S8,PNG,422,PvCSS
S9,PNG,327,LF005
S9,PNG,745,EBP
S9,PNG,1481,LF010
S9,PNG,298.5,PTEX150
S9,PNG,607,RBP2b.P87
S9,PNG,1243,LF016
S9,PNG,218,PvCSS
S10,PNG,177,LF005
S10,PNG,440.5,EBP
S10,PNG,850.5,LF010
S10,PNG,166.5,PTEX150
S10,PNG,362,RBP2b.P87
S10,PNG,688,LF016
S10,PNG,113,PvCSS
S1,PNG,11557,LF005
S1,PNG,15709,EBP
S1,PNG,25332,LF010
S1,PNG,9763,PTEX150
S1,PNG,8434,RBP2b.P87
S1,PNG,22599,LF016
S1,PNG,11889,PvCSS
S2,PNG,9576,LF005
S2,PNG,13561,EBP
S2,PNG,22442,LF010
S2,PNG,7577,PTEX150
S2,PNG,7799,RBP2b.P87
S2,PNG,19246.5,LF016
S2,PNG,8804,PvCSS
S3,PNG,7221,LF005
S3,PNG,11302,EBP
S3,PNG,18332,LF010
S3,PNG,5819,PTEX150
S3,PNG,6538,RBP2b.P87
S3,PNG,16693,LF016
S3,PNG,6323,PvCSS
S4,PNG,5033,LF005
S4,PNG,8978,EBP
S4,PNG,14042.5,LF010
S4,PNG,4091.5,PTEX150
S4,PNG,5091,RBP2b.P87
S4,PNG,12935,LF016
S4,PNG,4421,PvCSS
S5,PNG,2825,LF005
S5,PNG,6101.5,EBP
S5,PNG,9902,LF010
S5,PNG,2361.5,PTEX150
S5,PNG,4030,RBP2b.P87
S5,PNG,9103.5,LF016
S5,PNG,2388,PvCSS
S6,PNG,1681,LF005
S6,PNG,3901,EBP
S6,PNG,6243,LF010
S6,PNG,1469,PTEX150
S6,PNG,2463.5,RBP2b.P87
S6,PNG,5932,LF016
S6,PNG,1405,PvCSS
S7,PNG,977.5,LF005
S7,PNG,2130,EBP
S7,PNG,4027.5,LF010
S7,PNG,909,PTEX150
S7,PNG,1616,RBP2b.P87
S7,PNG,3451.5,LF016
S7,PNG,783,PvCSS
S8,PNG,583,LF005
S8,PNG,1279,EBP
S8,PNG,2367,LF010
S8,PNG,548.5,PTEX150
S8,PNG,952,RBP2b.P87
S8,PNG,2100.5,LF016
S8,PNG,430,PvCSS
S9,PNG,316.5,LF005
S9,PNG,731,EBP
S9,PNG,1391,LF010
S9,PNG,290.5,PTEX150
S9,PNG,548,RBP2b.P87
S9,PNG,1224,LF016
S9,PNG,211,PvCSS
S10,PNG,176,LF005
S10,PNG,424.5,EBP
S10,PNG,848,LF010
S10,PNG,157,PTEX150
S10,PNG,374,RBP2b.P87
S10,PNG,693.5,LF016
S10,PNG,101,PvCSS
S1,PNG,12258,LF005
S1,PNG,16805,EBP
S1,PNG,27095.5,LF010
S1,PNG,10891.5,PTEX150
S1,PNG,8575,RBP2b.P87
S1,PNG,23939.5,LF016
S1,PNG,12978,PvCSS
S2,PNG,10106,LF005
S2,PNG,14010,EBP
S2,PNG,23437.5,LF010
S2,PNG,7918,PTEX150
S2,PNG,7653,RBP2b.P87
S2,PNG,20655.5,LF016
S2,PNG,9433,PvCSS
S3,PNG,7224.5,LF005
S3,PNG,11107,EBP
S3,PNG,17947.5,LF010
S3,PNG,5615,PTEX150
S3,PNG,6427,RBP2b.P87
S3,PNG,16430,LF016
S3,PNG,6539,PvCSS
S4,PNG,4540,LF005
S4,PNG,8131,EBP
S4,PNG,12936.5,LF010
S4,PNG,3401,PTEX150
S4,PNG,4878,RBP2b.P87
S4,PNG,12351,LF016
S4,PNG,3837.5,PvCSS
S5,PNG,2665,LF005
S5,PNG,5968,EBP
S5,PNG,9460,LF010
S5,PNG,2233,PTEX150
S5,PNG,3416,RBP2b.P87
S5,PNG,8738,LF016
S5,PNG,2342.5,PvCSS
S6,PNG,1580,LF005
S6,PNG,3360.5,EBP
S6,PNG,5951.5,LF010
S6,PNG,1388,PTEX150
S6,PNG,2258.5,RBP2b.P87
S6,PNG,5602,LF016
S6,PNG,1292,PvCSS
S7,PNG,933,LF005
S7,PNG,2018,EBP
S7,PNG,3523,LF010
S7,PNG,838,PTEX150
S7,PNG,1578,RBP2b.P87
S7,PNG,3223,LF016
S7,PNG,730,PvCSS
S8,PNG,526,LF005
S8,PNG,1228,EBP
S8,PNG,2164,LF010
S8,PNG,479,PTEX150
S8,PNG,900,RBP2b.P87
S8,PNG,1880,LF016
S8,PNG,365.5,PvCSS
S9,PNG,272,LF005
S9,PNG,663,EBP
S9,PNG,1298,LF010
S9,PNG,252.5,PTEX150
S9,PNG,537,RBP2b.P87
S9,PNG,1082,LF016
S9,PNG,180.5,PvCSS
S10,PNG,152,LF005
S10,PNG,378.5,EBP
S10,PNG,764.5,LF010
S10,PNG,141.5,PTEX150
S10,PNG,309.5,RBP2b.P87
S10,PNG,630.5,LF016
S10,PNG,96,PvCSS
S1,PNG,13555,LF005
S1,PNG,17323,EBP
S1,PNG,27677,LF010
S1,PNG,11765,PTEX150
S1,PNG,9114.5,RBP2b.P87
S1,PNG,24790,LF016
S1,PNG,13426.5,PvCSS
S2,PNG,10045,LF005
S2,PNG,14013,EBP
S2,PNG,23497,LF010
S2,PNG,7952.5,PTEX150
S2,PNG,7531,RBP2b.P87
S2,PNG,20614,LF016
S2,PNG,9361,PvCSS
S3,PNG,7580.5,LF005
S3,PNG,11588,EBP
S3,PNG,19688,LF010
S3,PNG,5929,PTEX150
S3,PNG,6209.5,RBP2b.P87
S3,PNG,17123,LF016
S3,PNG,7138,PvCSS
S4,PNG,5300.5,LF005
S4,PNG,8715.5,EBP
S4,PNG,14082.5,LF010
S4,PNG,4066,PTEX150
S4,PNG,5072,RBP2b.P87
S4,PNG,12917.5,LF016
S4,PNG,4684,PvCSS
S5,PNG,2733,LF005
S5,PNG,5888,EBP
S5,PNG,9738,LF010
S5,PNG,2231.5,PTEX150
S5,PNG,3653.5,RBP2b.P87
S5,PNG,8961.5,LF016
S5,PNG,2386,PvCSS
S6,PNG,1592,LF005
S6,PNG,3411.5,EBP
S6,PNG,6313,LF010
S6,PNG,1331.5,PTEX150
S6,PNG,2342,RBP2b.P87
S6,PNG,5804,LF016
S6,PNG,1304,PvCSS
S7,PNG,952,LF005
S7,PNG,2047.5,EBP
S7,PNG,3966,LF010
S7,PNG,825.5,PTEX150
S7,PNG,1505,RBP2b.P87
S7,PNG,3318,LF016
S7,PNG,715,PvCSS
S8,PNG,588,LF005
S8,PNG,1251,EBP
S8,PNG,2433.5,LF010
S8,PNG,520,PTEX150
S8,PNG,1091,RBP2b.P87
S8,PNG,2171,LF016
S8,PNG,389.5,PvCSS
S9,PNG,300,LF005
S9,PNG,714,EBP
S9,PNG,1383,LF010
S9,PNG,266.5,PTEX150
S9,PNG,585,RBP2b.P87
S9,PNG,1187,LF016
S9,PNG,192,PvCSS
S10,PNG,156,LF005
S10,PNG,376,EBP
S10,PNG,805.5,LF010
S10,PNG,143,PTEX150
S10,PNG,307,RBP2b.P87
S10,PNG,662,LF016
S10,PNG,101,PvCSS
S1,ETH,13873.5,LF005
S1,ETH,12205.5,EBP
S1,ETH,26159,LF010
S1,ETH,4519,PTEX150
S1,ETH,7494.5,RBP2b.P87
S1,ETH,26716.5,LF016
S1,ETH,5873.5,PvCSS
S2,ETH,10354.5,LF005
S2,ETH,9162.5,EBP
S2,ETH,20960,LF010
S2,ETH,2590,PTEX150
S2,ETH,6571,RBP2b.P87
S2,ETH,27263,LF016
S2,ETH,3131,PvCSS
S3,ETH,6679.5,LF005
S3,ETH,6276.5,EBP
S3,ETH,15065,LF010
S3,ETH,1585,PTEX150
S3,ETH,5098.5,RBP2b.P87
S3,ETH,24853,LF016
S3,ETH,1859,PvCSS
S4,ETH,4473,LF005
S4,ETH,4227,EBP
S4,ETH,11102.5,LF010
S4,ETH,1007,PTEX150
S4,ETH,3846,RBP2b.P87
S4,ETH,24178,LF016
S4,ETH,1027,PvCSS
S5,ETH,2290,LF005
S5,ETH,2284,EBP
S5,ETH,7099,LF010
S5,ETH,562,PTEX150
S5,ETH,2261.5,RBP2b.P87
S5,ETH,21891,LF016
S5,ETH,569.5,PvCSS
S6,ETH,1384,LF005
S6,ETH,1363.5,EBP
S6,ETH,4649,LF010
S6,ETH,312.5,PTEX150
S6,ETH,1469.5,RBP2b.P87
S6,ETH,17325,LF016
S6,ETH,317.5,PvCSS
S7,ETH,759,LF005
S7,ETH,784,EBP
S7,ETH,2549,LF010
S7,ETH,180,PTEX150
S7,ETH,882.5,RBP2b.P87
S7,ETH,12942,LF016
S7,ETH,164,PvCSS
S8,ETH,414.5,LF005
S8,ETH,444.5,EBP
S8,ETH,1558.5,LF010
S8,ETH,106,PTEX150
S8,ETH,476.5,RBP2b.P87
S8,ETH,8842,LF016
S8,ETH,88,PvCSS
S9,ETH,233.5,LF005
S9,ETH,263,EBP
S9,ETH,953,LF010
S9,ETH,73,PTEX150
S9,ETH,300,RBP2b.P87
S9,ETH,5891.5,LF016
S9,ETH,49,PvCSS
S10,ETH,128,LF005
S10,ETH,152,EBP
S10,ETH,535,LF010
S10,ETH,52,PTEX150
S10,ETH,164,RBP2b.P87
S10,ETH,3223,LF016
S10,ETH,30.5,PvCSS
S1,ETH,14504.5,LF005
S1,ETH,12506,EBP
S1,ETH,27055,LF010
S1,ETH,4762.5,PTEX150
S1,ETH,7799.5,RBP2b.P87
S1,ETH,26420,LF016
S1,ETH,5943,PvCSS
S2,ETH,11160,LF005
S2,ETH,9828,EBP
S2,ETH,22600,LF010
S2,ETH,2780,PTEX150
S2,ETH,6827,RBP2b.P87
S2,ETH,27277,LF016
S2,ETH,3800,PvCSS
S3,ETH,7050,LF005
S3,ETH,6503.5,EBP
S3,ETH,15812,LF010
S3,ETH,1731,PTEX150
S3,ETH,4954,RBP2b.P87
S3,ETH,25066,LF016
S3,ETH,1925,PvCSS
S4,ETH,4541,LF005
S4,ETH,4229,EBP
S4,ETH,11044,LF010
S4,ETH,1052,PTEX150
S4,ETH,3747,RBP2b.P87
S4,ETH,24452,LF016
S4,ETH,1111,PvCSS
S5,ETH,2588.5,LF005
S5,ETH,2540,EBP
S5,ETH,7916,LF010
S5,ETH,631,PTEX150
S5,ETH,2361.5,RBP2b.P87
S5,ETH,22559,LF016
S5,ETH,616,PvCSS
S6,ETH,1485,LF005
S6,ETH,1448,EBP
S6,ETH,4962,LF010
S6,ETH,343.5,PTEX150
S6,ETH,1547,RBP2b.P87
S6,ETH,18035,LF016
S6,ETH,334,PvCSS
S7,ETH,855,LF005
S7,ETH,831,EBP
S7,ETH,2835,LF010
S7,ETH,198.5,PTEX150
S7,ETH,926.5,RBP2b.P87
S7,ETH,13730,LF016
S7,ETH,172,PvCSS
S8,ETH,467,LF005
S8,ETH,497,EBP
S8,ETH,1728,LF010
S8,ETH,110,PTEX150
S8,ETH,540,RBP2b.P87
S8,ETH,9639.5,LF016
S8,ETH,93.5,PvCSS
S9,ETH,260,LF005
S9,ETH,280,EBP
S9,ETH,1030.5,LF010
S9,ETH,75.5,PTEX150
S9,ETH,313,RBP2b.P87
S9,ETH,6368,LF016
S9,ETH,56.5,PvCSS
S10,ETH,144.5,LF005
S10,ETH,173,EBP
S10,ETH,595,LF010
S10,ETH,52,PTEX150
S10,ETH,190,RBP2b.P87
S10,ETH,3986.5,LF016
S10,ETH,33,PvCSS
S1,ETH,14397,LF005
S1,ETH,12253.5,EBP
S1,ETH,27146,LF010
S1,ETH,4685,PTEX150
S1,ETH,7745,RBP2b.P87
S1,ETH,27061,LF016
S1,ETH,5816.5,PvCSS
S2,ETH,10529,LF005
S2,ETH,9314,EBP
S2,ETH,21775,LF010
S2,ETH,2568,PTEX150
S2,ETH,6747,RBP2b.P87
S2,ETH,28281,LF016
S2,ETH,3195.5,PvCSS
S3,ETH,6871,LF005
S3,ETH,6420,EBP
S3,ETH,15622,LF010
S3,ETH,1577,PTEX150
S3,ETH,5098,RBP2b.P87
S3,ETH,26803,LF016
S3,ETH,1731,PvCSS
S4,ETH,4205,LF005
S4,ETH,4119,EBP
S4,ETH,10636,LF010
S4,ETH,927,PTEX150
S4,ETH,3232,RBP2b.P87
S4,ETH,24361,LF016
S4,ETH,1018,PvCSS
S5,ETH,2285,LF005
S5,ETH,2270,EBP
S5,ETH,6894,LF010
S5,ETH,544,PTEX150
S5,ETH,2150,RBP2b.P87
S5,ETH,20819.5,LF016
S5,ETH,530,PvCSS
S6,ETH,1369,LF005
S6,ETH,1362.5,EBP
S6,ETH,4745,LF010
S6,ETH,318,PTEX150
S6,ETH,1368,RBP2b.P87
S6,ETH,17839.5,LF016
S6,ETH,298,PvCSS
S7,ETH,763.5,LF005
S7,ETH,787,EBP
S7,ETH,2556,LF010
S7,ETH,173,PTEX150
S7,ETH,879,RBP2b.P87
S7,ETH,13191,LF016
S7,ETH,164,PvCSS
S8,ETH,397,LF005
S8,ETH,433,EBP
S8,ETH,1547,LF010
S8,ETH,103,PTEX150
S8,ETH,444,RBP2b.P87
S8,ETH,8662,LF016
S8,ETH,86,PvCSS
S9,ETH,227,LF005
S9,ETH,258,EBP
S9,ETH,914.5,LF010
S9,ETH,68,PTEX150
S9,ETH,283,RBP2b.P87
S9,ETH,5932,LF016
S9,ETH,51,PvCSS
S10,ETH,121,LF005
S10,ETH,141.5,EBP
S10,ETH,484.5,LF010
S10,ETH,51,PTEX150
S10,ETH,169,RBP2b.P87
S10,ETH,3063,LF016
S10,ETH,29,PvCSS
S1,ETH,12848,LF005
S1,ETH,11256.5,EBP
S1,ETH,24330,LF010
S1,ETH,3651,PTEX150
S1,ETH,7004,RBP2b.P87
S1,ETH,26336,LF016
S1,ETH,4832,PvCSS
S2,ETH,9745,LF005
S2,ETH,8731,EBP
S2,ETH,19754,LF010
S2,ETH,2258,PTEX150
S2,ETH,5993,RBP2b.P87
S2,ETH,26020,LF016
S2,ETH,2769,PvCSS
S3,ETH,6752,LF005
S3,ETH,6290,EBP
S3,ETH,15053,LF010
S3,ETH,1462,PTEX150
S3,ETH,4838,RBP2b.P87
S3,ETH,25472.5,LF016
S3,ETH,1651,PvCSS
S4,ETH,4045.5,LF005
S4,ETH,3908,EBP
S4,ETH,10272,LF010
S4,ETH,843,PTEX150
S4,ETH,3143,RBP2b.P87
S4,ETH,24025,LF016
S4,ETH,941,PvCSS
S5,ETH,2324,LF005
S5,ETH,2245.5,EBP
S5,ETH,7193.5,LF010
S5,ETH,518,PTEX150
S5,ETH,2053,RBP2b.P87
S5,ETH,21000,LF016
S5,ETH,539,PvCSS
S6,ETH,1352.5,LF005
S6,ETH,1339,EBP
S6,ETH,4536.5,LF010
S6,ETH,293,PTEX150
S6,ETH,1404,RBP2b.P87
S6,ETH,17183.5,LF016
S6,ETH,290,PvCSS
S7,ETH,757,LF005
S7,ETH,756,EBP
S7,ETH,2612,LF010
S7,ETH,163,PTEX150
S7,ETH,907,RBP2b.P87
S7,ETH,13172,LF016
S7,ETH,150.5,PvCSS
S8,ETH,424,LF005
S8,ETH,437,EBP
S8,ETH,1573.5,LF010
S8,ETH,99,PTEX150
S8,ETH,492,RBP2b.P87
S8,ETH,8946.5,LF016
S8,ETH,85,PvCSS
S9,ETH,233,LF005
S9,ETH,252,EBP
S9,ETH,903.5,LF010
S9,ETH,65,PTEX150
S9,ETH,292.5,RBP2b.P87
S9,ETH,5895,LF016
S9,ETH,49.5,PvCSS
S10,ETH,134,LF005
S10,ETH,153,EBP
S10,ETH,537,LF010
S10,ETH,50,PTEX150
S10,ETH,177,RBP2b.P87
S10,ETH,3444,LF016
S10,ETH,32,PvCSS
S1,ETH,13664,LF005
S1,ETH,11548,EBP
S1,ETH,25755,LF010
S1,ETH,4350,PTEX150
S1,ETH,7334,RBP2b.P87
S1,ETH,26261.5,LF016
S1,ETH,5510,PvCSS
S2,ETH,10566,LF005
S2,ETH,9440,EBP
S2,ETH,21950,LF010
S2,ETH,2657,PTEX150
S2,ETH,6422,RBP2b.P87
S2,ETH,26725,LF016
S2,ETH,3221.5,PvCSS
S3,ETH,7288,LF005
S3,ETH,6845.5,EBP
S3,ETH,16479.5,LF010
S3,ETH,1646,PTEX150
S3,ETH,5026,RBP2b.P87
S3,ETH,25992,LF016
S3,ETH,1933,PvCSS
S4,ETH,4917,LF005
S4,ETH,4681,EBP
S4,ETH,11890,LF010
S4,ETH,1029.5,PTEX150
S4,ETH,3720,RBP2b.P87
S4,ETH,24442,LF016
S4,ETH,1147,PvCSS
S5,ETH,2594,LF005
S5,ETH,2547,EBP
S5,ETH,7962,LF010
S5,ETH,591,PTEX150
S5,ETH,2316,RBP2b.P87
S5,ETH,21972,LF016
S5,ETH,629,PvCSS
S6,ETH,1614,LF005
S6,ETH,1590,EBP
S6,ETH,5458,LF010
S6,ETH,355,PTEX150
S6,ETH,1581,RBP2b.P87
S6,ETH,18736,LF016
S6,ETH,361,PvCSS
S7,ETH,943,LF005
S7,ETH,941.5,EBP
S7,ETH,3019.5,LF010
S7,ETH,202,PTEX150
S7,ETH,1050,RBP2b.P87
S7,ETH,14548,LF016
S7,ETH,193,PvCSS
S8,ETH,538,LF005
S8,ETH,570.5,EBP
S8,ETH,1968,LF010
S8,ETH,119.5,PTEX150
S8,ETH,603,RBP2b.P87
S8,ETH,10591,LF016
S8,ETH,112,PvCSS
S9,ETH,286,LF005
S9,ETH,308,EBP
S9,ETH,1140,LF010
S9,ETH,77,PTEX150
S9,ETH,367,RBP2b.P87
S9,ETH,6980.5,LF016
S9,ETH,64,PvCSS
S10,ETH,161,LF005
S10,ETH,193,EBP
S10,ETH,702,LF010
S10,ETH,55,PTEX150
S10,ETH,218,RBP2b.P87
S10,ETH,4585,LF016
S10,ETH,38,PvCSS
S1,ETH,17880,LF005
S1,ETH,14113,EBP
S1,ETH,27837,LF010
S1,ETH,6423,PTEX150
S1,ETH,8978.5,RBP2b.P87
S1,ETH,26704,LF016
S1,ETH,7882,PvCSS
S2,ETH,13923,LF005
S2,ETH,11871,EBP
S2,ETH,26034.5,LF010
S2,ETH,4279.5,PTEX150
S2,ETH,7466.5,RBP2b.P87
S2,ETH,26461,LF016
S2,ETH,5563.5,PvCSS
S3,ETH,10291,LF005
S3,ETH,9277,EBP
S3,ETH,20988.5,LF010
S3,ETH,2491,PTEX150
S3,ETH,5865,RBP2b.P87
S3,ETH,26186,LF016
S3,ETH,3017,PvCSS
S4,ETH,7449,LF005
S4,ETH,6941.5,EBP
S4,ETH,16740.5,LF010
S4,ETH,1615.5,PTEX150
S4,ETH,4990,RBP2b.P87
S4,ETH,26148,LF016
S4,ETH,1952,PvCSS
S5,ETH,5131,LF005
S5,ETH,4660,EBP
S5,ETH,12101,LF010
S5,ETH,1010.5,PTEX150
S5,ETH,4116,RBP2b.P87
S5,ETH,25125,LF016
S5,ETH,1208,PvCSS
S6,ETH,2746.5,LF005
S6,ETH,2719,EBP
S6,ETH,8231,LF010
S6,ETH,600,PTEX150
S6,ETH,2404,RBP2b.P87
S6,ETH,22486,LF016
S6,ETH,666,PvCSS
S7,ETH,1720,LF005
S7,ETH,1722.5,EBP
S7,ETH,5773,LF010
S7,ETH,361,PTEX150
S7,ETH,1775,RBP2b.P87
S7,ETH,19259,LF016
S7,ETH,372,PvCSS
S8,ETH,1031.5,LF005
S8,ETH,1023,EBP
S8,ETH,3226.5,LF010
S8,ETH,208,PTEX150
S8,ETH,1080,RBP2b.P87
S8,ETH,15395,LF016
S8,ETH,213.5,PvCSS
S9,ETH,561.5,LF005
S9,ETH,578.5,EBP
S9,ETH,2082.5,LF010
S9,ETH,124,PTEX150
S9,ETH,697,RBP2b.P87
S9,ETH,11221.5,LF016
S9,ETH,118.5,PvCSS
S10,ETH,312,LF005
S10,ETH,351.5,EBP
S10,ETH,1256.5,LF010
S10,ETH,81,PTEX150
S10,ETH,405.5,RBP2b.P87
S10,ETH,7756,LF016
S10,ETH,70,PvCSS
S1,ETH,16674,LF005
S1,ETH,13860.5,EBP
S1,ETH,26434.5,LF010
S1,ETH,5967.5,PTEX150
S1,ETH,8431,RBP2b.P87
S1,ETH,26225,LF016
S1,ETH,7752,PvCSS
S2,ETH,12877,LF005
S2,ETH,11334,EBP
S2,ETH,23858.5,LF010
S2,ETH,3431,PTEX150
S2,ETH,6966,RBP2b.P87
S2,ETH,24395,LF016
S2,ETH,4957.5,PvCSS
S3,ETH,9509,LF005
S3,ETH,8735,EBP
S3,ETH,20285.5,LF010
S3,ETH,2260.5,PTEX150
S3,ETH,5935,RBP2b.P87
S3,ETH,25172,LF016
S3,ETH,2780.5,PvCSS
S4,ETH,6758,LF005
S4,ETH,6247.5,EBP
S4,ETH,15126,LF010
S4,ETH,1448,PTEX150
S4,ETH,4802.5,RBP2b.P87
S4,ETH,25102,LF016
S4,ETH,1666,PvCSS
S5,ETH,4080,LF005
S5,ETH,3864,EBP
S5,ETH,10561,LF010
S5,ETH,863,PTEX150
S5,ETH,2822,RBP2b.P87
S5,ETH,23604,LF016
S5,ETH,942,PvCSS
S6,ETH,2291,LF005
S6,ETH,2234,EBP
S6,ETH,6877,LF010
S6,ETH,505,PTEX150
S6,ETH,2168,RBP2b.P87
S6,ETH,20696,LF016
S6,ETH,504,PvCSS
S7,ETH,1317,LF005
S7,ETH,1353.5,EBP
S7,ETH,4595.5,LF010
S7,ETH,273,PTEX150
S7,ETH,1396,RBP2b.P87
S7,ETH,17137.5,LF016
S7,ETH,278,PvCSS
S8,ETH,755,LF005
S8,ETH,781,EBP
S8,ETH,2576,LF010
S8,ETH,156,PTEX150
S8,ETH,796.5,RBP2b.P87
S8,ETH,12707.5,LF016
S8,ETH,146,PvCSS
S9,ETH,415.5,LF005
S9,ETH,443.5,EBP
S9,ETH,1629,LF010
S9,ETH,95,PTEX150
S9,ETH,481,RBP2b.P87
S9,ETH,9330,LF016
S9,ETH,87,PvCSS
S10,ETH,228,LF005
S10,ETH,251,EBP
S10,ETH,951,LF010
S10,ETH,65,PTEX150
S10,ETH,280.5,RBP2b.P87
S10,ETH,6070,LF016
S10,ETH,49,PvCSS
S1,ETH,12979,LF005
S1,ETH,11238,EBP
S1,ETH,25557.5,LF010
S1,ETH,4068,PTEX150
S1,ETH,7521,RBP2b.P87
S1,ETH,26498,LF016
S1,ETH,5050,PvCSS
S2,ETH,9352,LF005
S2,ETH,8518,EBP
S2,ETH,20012,LF010
S2,ETH,2252,PTEX150
S2,ETH,5694,RBP2b.P87
S2,ETH,26154,LF016
S2,ETH,2713,PvCSS
S3,ETH,6280,LF005
S3,ETH,5823,EBP
S3,ETH,14784,LF010
S3,ETH,1388,PTEX150
S3,ETH,4623.5,RBP2b.P87
S3,ETH,24788,LF016
S3,ETH,1602,PvCSS
S4,ETH,3925.5,LF005
S4,ETH,3690,EBP
S4,ETH,10181,LF010
S4,ETH,840,PTEX150
S4,ETH,2929,RBP2b.P87
S4,ETH,23562,LF016
S4,ETH,908,PvCSS
S5,ETH,2196,LF005
S5,ETH,2083,EBP
S5,ETH,6775,LF010
S5,ETH,476.5,PTEX150
S5,ETH,2008,RBP2b.P87
S5,ETH,20739,LF016
S5,ETH,488,PvCSS
S6,ETH,1279,LF005
S6,ETH,1230,EBP
S6,ETH,4408,LF010
S6,ETH,269,PTEX150
S6,ETH,1375,RBP2b.P87
S6,ETH,16869.5,LF016
S6,ETH,271,PvCSS
S7,ETH,716.5,LF005
S7,ETH,707.5,EBP
S7,ETH,2516,LF010
S7,ETH,154,PTEX150
S7,ETH,769,RBP2b.P87
S7,ETH,12605,LF016
S7,ETH,153.5,PvCSS
S8,ETH,407,LF005
S8,ETH,423,EBP
S8,ETH,1529,LF010
S8,ETH,95,PTEX150
S8,ETH,466,RBP2b.P87
S8,ETH,8879.5,LF016
S8,ETH,86,PvCSS
S9,ETH,221,LF005
S9,ETH,244,EBP
S9,ETH,906,LF010
S9,ETH,63,PTEX150
S9,ETH,268.5,RBP2b.P87
S9,ETH,5677,LF016
S9,ETH,50,PvCSS
S10,ETH,123,LF005
S10,ETH,150,EBP
S10,ETH,528,LF010
S10,ETH,48,PTEX150
S10,ETH,169,RBP2b.P87
S10,ETH,3304,LF016
S10,ETH,31,PvCSS
S1,ETH,12150,LF005
S1,ETH,10666,EBP
S1,ETH,24653.5,LF010
S1,ETH,3533,PTEX150
S1,ETH,6739,RBP2b.P87
S1,ETH,25202,LF016
S1,ETH,4764.5,PvCSS
S2,ETH,9340,LF005
S2,ETH,8344,EBP
S2,ETH,20563,LF010
S2,ETH,2262.5,PTEX150
S2,ETH,5908,RBP2b.P87
S2,ETH,26626.5,LF016
S2,ETH,2716,PvCSS
S3,ETH,6192,LF005
S3,ETH,5804,EBP
S3,ETH,14366,LF010
S3,ETH,1381,PTEX150
S3,ETH,4314,RBP2b.P87
S3,ETH,25571,LF016
S3,ETH,1544.5,PvCSS
S4,ETH,3878.5,LF005
S4,ETH,3773.5,EBP
S4,ETH,10216,LF010
S4,ETH,844,PTEX150
S4,ETH,2892,RBP2b.P87
S4,ETH,23914,LF016
S4,ETH,903,PvCSS
S5,ETH,2155,LF005
S5,ETH,2017,EBP
S5,ETH,7026,LF010
S5,ETH,493.5,PTEX150
S5,ETH,2050,RBP2b.P87
S5,ETH,20531.5,LF016
S5,ETH,494,PvCSS
S6,ETH,1318,LF005
S6,ETH,1282,EBP
S6,ETH,4689,LF010
S6,ETH,290,PTEX150
S6,ETH,1303,RBP2b.P87
S6,ETH,17306,LF016
S6,ETH,277,PvCSS
S7,ETH,737.5,LF005
S7,ETH,739,EBP
S7,ETH,2528,LF010
S7,ETH,159,PTEX150
S7,ETH,775.5,RBP2b.P87
S7,ETH,12596,LF016
S7,ETH,150,PvCSS
S8,ETH,398,LF005
S8,ETH,412,EBP
S8,ETH,1592,LF010
S8,ETH,94,PTEX150
S8,ETH,472.5,RBP2b.P87
S8,ETH,8996,LF016
S8,ETH,83,PvCSS
S9,ETH,221,LF005
S9,ETH,241,EBP
S9,ETH,954,LF010
S9,ETH,64,PTEX150
S9,ETH,285.5,RBP2b.P87
S9,ETH,5912,LF016
S9,ETH,49,PvCSS
S10,ETH,124,LF005
S10,ETH,144,EBP
S10,ETH,546,LF010
S10,ETH,48,PTEX150
S10,ETH,152.5,RBP2b.P87
S10,ETH,3313,LF016
S10,ETH,31,PvCSS
S1,ETH,14620,LF005
S1,ETH,12418,EBP
S1,ETH,26383.5,LF010
S1,ETH,4676,PTEX150
S1,ETH,8052.5,RBP2b.P87
S1,ETH,26297,LF016
S1,ETH,5987,PvCSS
S2,ETH,11062.5,LF005
S2,ETH,9969.5,EBP
S2,ETH,22377.5,LF010
S2,ETH,2709.5,PTEX150
S2,ETH,6652,RBP2b.P87
S2,ETH,25919,LF016
S2,ETH,3551,PvCSS
S3,ETH,7346,LF005
S3,ETH,6821,EBP
S3,ETH,16530,LF010
S3,ETH,1581,PTEX150
S3,ETH,5037.5,RBP2b.P87
S3,ETH,26017,LF016
S3,ETH,1945,PvCSS
S4,ETH,5021,LF005
S4,ETH,4843,EBP
S4,ETH,12400,LF010
S4,ETH,1010,PTEX150
S4,ETH,4010,RBP2b.P87
S4,ETH,24599.5,LF016
S4,ETH,1214.5,PvCSS
S5,ETH,2850,LF005
S5,ETH,2808,EBP
S5,ETH,8728,LF010
S5,ETH,632,PTEX150
S5,ETH,2524,RBP2b.P87
S5,ETH,23218,LF016
S5,ETH,658,PvCSS
S6,ETH,1708.5,LF005
S6,ETH,1668,EBP
S6,ETH,5702,LF010
S6,ETH,358,PTEX150
S6,ETH,1700.5,RBP2b.P87
S6,ETH,19471,LF016
S6,ETH,371,PvCSS
S7,ETH,956.5,LF005
S7,ETH,926.5,EBP
S7,ETH,3147.5,LF010
S7,ETH,193,PTEX150
S7,ETH,1049,RBP2b.P87
S7,ETH,14609.5,LF016
S7,ETH,197,PvCSS
S8,ETH,526,LF005
S8,ETH,518,EBP
S8,ETH,2035,LF010
S8,ETH,114,PTEX150
S8,ETH,576,RBP2b.P87
S8,ETH,10917,LF016
S8,ETH,107,PvCSS
S9,ETH,272,LF005
S9,ETH,305,EBP
S9,ETH,1114,LF010
S9,ETH,70,PTEX150
S9,ETH,327,RBP2b.P87
S9,ETH,6843,LF016
S9,ETH,57,PvCSS
S10,ETH,152,LF005
S10,ETH,180,EBP
S10,ETH,682.5,LF010
S10,ETH,51,PTEX150
S10,ETH,192,RBP2b.P87
S10,ETH,4325,LF016
S10,ETH,32,PvCSS
S1,PNG,21336,EBP
S1,PNG,15187,LF005
S1,PNG,25802,LF010
S1,PNG,19412,LF016
S1,PNG,33127,MSP8
S1,PNG,16482,RBP2b.P87
S1,PNG,17207,PTEX150
S1,PNG,16497,PvCSS
S2,PNG,17628,EBP
S2,PNG,12011,LF005
S2,PNG,21525,LF010
S2,PNG,16626,LF016
S2,PNG,29331,MSP8
S2,PNG,16504.5,RBP2b.P87
S2,PNG,13601,PTEX150
S2,PNG,11927,PvCSS
S3,PNG,14441,EBP
S3,PNG,8264,LF005
S3,PNG,15851.5,LF010
S3,PNG,12688,LF016
S3,PNG,22806,MSP8
S3,PNG,14612.5,RBP2b.P87
S3,PNG,9994,PTEX150
S3,PNG,8050,PvCSS
S4,PNG,10203,EBP
S4,PNG,5153,LF005
S4,PNG,10914,LF010
S4,PNG,9221,LF016
S4,PNG,15742.5,MSP8
S4,PNG,11635,RBP2b.P87
S4,PNG,6790,PTEX150
S4,PNG,5014,PvCSS
S5,PNG,6542,EBP
S5,PNG,2608,LF005
S5,PNG,6562,LF010
S5,PNG,5755,LF016
S5,PNG,9818,MSP8
S5,PNG,7863,RBP2b.P87
S5,PNG,4074,PTEX150
S5,PNG,2508,PvCSS
S6,PNG,5002,EBP
S6,PNG,1674,LF005
S6,PNG,4716,LF010
S6,PNG,4098.5,LF016
S6,PNG,7167,MSP8
S6,PNG,6047,RBP2b.P87
S6,PNG,2491,PTEX150
S6,PNG,1546.5,PvCSS
S7,PNG,2574,EBP
S7,PNG,886.5,LF005
S7,PNG,2390,LF010
S7,PNG,2063,LF016
S7,PNG,4051,MSP8
S7,PNG,3511,RBP2b.P87
S7,PNG,1330,PTEX150
S7,PNG,782,PvCSS
S8,PNG,1488,EBP
S8,PNG,516.5,LF005
S8,PNG,1461,LF010
S8,PNG,1265,LF016
S8,PNG,2404,MSP8
S8,PNG,2063,RBP2b.P87
S8,PNG,737.5,PTEX150
S8,PNG,401,PvCSS
S9,PNG,881,EBP
S9,PNG,283,LF005
S9,PNG,845,LF010
S9,PNG,730.5,LF016
S9,PNG,1468,MSP8
S9,PNG,1090,RBP2b.P87
S9,PNG,372,PTEX150
S9,PNG,209,PvCSS
S10,PNG,502,EBP
S10,PNG,156.5,LF005
S10,PNG,483,LF010
S10,PNG,413,LF016
S10,PNG,871.5,MSP8
S10,PNG,617,RBP2b.P87
S10,PNG,210,PTEX150
S10,PNG,109,PvCSS
S1,PNG,9495.5,EBP
S1,PNG,7132,LF005
S1,PNG,17582,LF010
S1,PNG,14070,LF016
S1,PNG,21424.5,MSP8
S1,PNG,10211,RBP2b.P87
S1,PNG,6742,PTEX150
S1,PNG,9479,PvCSS
S2,PNG,8675.5,EBP
S2,PNG,6533.5,LF005
S2,PNG,17493,LF010
S2,PNG,12657,LF016
S2,PNG,21689.5,MSP8
S2,PNG,10676,RBP2b.P87
S2,PNG,6474,PTEX150
S2,PNG,8170,PvCSS
S3,PNG,6979.5,EBP
S3,PNG,5390,LF005
S3,PNG,14539,LF010
S3,PNG,12844,LF016
S3,PNG,18822,MSP8
S3,PNG,10778,RBP2b.P87
S3,PNG,4761,PTEX150
S3,PNG,6213,PvCSS
S4,PNG,5332,EBP
S4,PNG,3156,LF005
S4,PNG,10072.5,LF010
S4,PNG,6773,LF016
S4,PNG,15328.5,MSP8
S4,PNG,9110.5,RBP2b.P87
S4,PNG,3706.5,PTEX150
S4,PNG,4037,PvCSS
S5,PNG,3349,EBP
S5,PNG,1932.5,LF005
S5,PNG,6786,LF010
S5,PNG,5781.5,LF016
S5,PNG,10150,MSP8
S5,PNG,6378,RBP2b.P87
S5,PNG,1828,PTEX150
S5,PNG,2149.5,PvCSS
S6,PNG,1976.5,EBP
S6,PNG,1103,LF005
S6,PNG,3938,LF010
S6,PNG,3141,LF016
S6,PNG,6558,MSP8
S6,PNG,3990,RBP2b.P87
S6,PNG,1100,PTEX150
S6,PNG,1202,PvCSS
S7,PNG,1169,EBP
S7,PNG,625.5,LF005
S7,PNG,2192,LF010
S7,PNG,1425,LF016
S7,PNG,4013,MSP8
S7,PNG,2203.5,RBP2b.P87
S7,PNG,664,PTEX150
S7,PNG,622.5,PvCSS
S8,PNG,653,EBP
S8,PNG,341,LF005
S8,PNG,1277,LF010
S8,PNG,619,LF016
S8,PNG,2063.5,MSP8
S8,PNG,1262.5,RBP2b.P87
S8,PNG,308,PTEX150
S8,PNG,328,PvCSS
S9,PNG,339,EBP
S9,PNG,183,LF005
S9,PNG,704.5,LF010
S9,PNG,315,LF016
S9,PNG,1039,MSP8
S9,PNG,680,RBP2b.P87
S9,PNG,142,PTEX150
S9,PNG,169,PvCSS
S10,PNG,197,EBP
S10,PNG,110,LF005
S10,PNG,397,LF010
S10,PNG,229,LF016
S10,PNG,637,MSP8
S10,PNG,390.5,RBP2b.P87
S10,PNG,95,PTEX150
S10,PNG,92,PvCSS
S1,PNG,18530,EBP
S1,PNG,14073,LF005
S1,PNG,22826,LF010
S1,PNG,22377,LF016
S1,PNG,30457,MSP8
S1,PNG,16713,RBP2b.P87
S1,PNG,15251,PTEX150
S1,PNG,14815,PvCSS
S2,PNG,16297,EBP
S2,PNG,10913,LF005
S2,PNG,18775,LF010
S2,PNG,18930,LF016
S2,PNG,27803,MSP8
S2,PNG,15010,RBP2b.P87
S2,PNG,12156.5,PTEX150
S2,PNG,10734,PvCSS
S3,PNG,11693,EBP
S3,PNG,6992,LF005
S3,PNG,13162.5,LF010
S3,PNG,13524.5,LF016
S3,PNG,20828,MSP8
S3,PNG,11990,RBP2b.P87
S3,PNG,8681,PTEX150
S3,PNG,6874,PvCSS
S4,PNG,8463,EBP
S4,PNG,4238.5,LF005
S4,PNG,8757,LF010
S4,PNG,9160,LF016
S4,PNG,14812,MSP8
S4,PNG,9302,RBP2b.P87
S4,PNG,5324,PTEX150
S4,PNG,4028,PvCSS
S5,PNG,5173.5,EBP
S5,PNG,2154,LF005
S5,PNG,5435,LF010
S5,PNG,5725,LF016
S5,PNG,9413,MSP8
S5,PNG,6462.5,RBP2b.P87
S5,PNG,2775,PTEX150
S5,PNG,1944,PvCSS
S6,PNG,2835,EBP
S6,PNG,1286.5,LF005
S6,PNG,2800.5,LF010
S6,PNG,3101,LF016
S6,PNG,5981,MSP8
S6,PNG,3834.5,RBP2b.P87
S6,PNG,1569.5,PTEX150
S6,PNG,1054,PvCSS
S7,PNG,1638,EBP
S7,PNG,661,LF005
S7,PNG,1554.5,LF010
S7,PNG,1679.5,LF016
S7,PNG,2844.5,MSP8
S7,PNG,1971,RBP2b.P87
S7,PNG,786.5,PTEX150
S7,PNG,525.5,PvCSS
S8,PNG,941,EBP
S8,PNG,383.5,LF005
S8,PNG,945,LF010
S8,PNG,1016,LF016
S8,PNG,1886,MSP8
S8,PNG,1164,RBP2b.P87
S8,PNG,359,PTEX150
S8,PNG,278.5,PvCSS
S9,PNG,418,EBP
S9,PNG,180,LF005
S9,PNG,423,LF010
S9,PNG,464,LF016
S9,PNG,894.5,MSP8
S9,PNG,550.5,RBP2b.P87
S9,PNG,167,PTEX150
S9,PNG,138,PvCSS
S10,PNG,245,EBP
S10,PNG,109,LF005
S10,PNG,231,LF010
S10,PNG,254,LF016
S10,PNG,476,MSP8
S10,PNG,299,RBP2b.P87
S10,PNG,91,PTEX150
S10,PNG,87.5,PvCSS
S1,PNG,11120,EBP
S1,PNG,8326,LF005
S1,PNG,18356,LF010
S1,PNG,14993.5,LF016
S1,PNG,14188.5,MSP8
S1,PNG,11887,RBP2b.P87
S1,PNG,NA,PTEX150
S1,PNG,9840,PvCSS
S2,PNG,10364.5,EBP
S2,PNG,6352,LF005
S2,PNG,15044,LF010
S2,PNG,13817,LF016
S2,PNG,12024,MSP8
S2,PNG,11490,RBP2b.P87
S2,PNG,NA,PTEX150
S2,PNG,6604,PvCSS
S3,PNG,7516,EBP
S3,PNG,4337,LF005
S3,PNG,10893,LF010
S3,PNG,10448.5,LF016
S3,PNG,8956,MSP8
S3,PNG,10202.5,RBP2b.P87
S3,PNG,NA,PTEX150
S3,PNG,4262,PvCSS
S4,PNG,4978,EBP
S4,PNG,2244,LF005
S4,PNG,6523.5,LF010
S4,PNG,6783.5,LF016
S4,PNG,5904,MSP8
S4,PNG,7853,RBP2b.P87
S4,PNG,NA,PTEX150
S4,PNG,2343,PvCSS
S5,PNG,3345.5,EBP
S5,PNG,1393,LF005
S5,PNG,4082,LF010
S5,PNG,4033,LF016
S5,PNG,3088,MSP8
S5,PNG,6087,RBP2b.P87
S5,PNG,NA,PTEX150
S5,PNG,1355,PvCSS
S6,PNG,1874,EBP
S6,PNG,812,LF005
S6,PNG,2411.5,LF010
S6,PNG,2439,LF016
S6,PNG,1843,MSP8
S6,PNG,3638,RBP2b.P87
S6,PNG,NA,PTEX150
S6,PNG,714,PvCSS
S7,PNG,1034,EBP
S7,PNG,449,LF005
S7,PNG,1304,LF010
S7,PNG,1351,LF016
S7,PNG,1024,MSP8
S7,PNG,1959,RBP2b.P87
S7,PNG,NA,PTEX150
S7,PNG,377,PvCSS
S8,PNG,566,EBP
S8,PNG,245.5,LF005
S8,PNG,713.5,LF010
S8,PNG,726,LF016
S8,PNG,549,MSP8
S8,PNG,1087.5,RBP2b.P87
S8,PNG,NA,PTEX150
S8,PNG,193,PvCSS
S9,PNG,310,EBP
S9,PNG,142,LF005
S9,PNG,378,LF010
S9,PNG,391,LF016
S9,PNG,286,MSP8
S9,PNG,567.5,RBP2b.P87
S9,PNG,NA,PTEX150
S9,PNG,112,PvCSS
S10,PNG,176.5,EBP
S10,PNG,84,LF005
S10,PNG,212,LF010
S10,PNG,212,LF016
S10,PNG,156,MSP8
S10,PNG,295,RBP2b.P87
S10,PNG,NA,PTEX150
S10,PNG,71,PvCSS
S1,PNG,14126,EBP
S1,PNG,8422,LF005
S1,PNG,16487,LF010
S1,PNG,5996,LF016
S1,PNG,23470,MSP8
S1,PNG,12461,RBP2b.P87
S1,PNG,NA,PTEX150
S1,PNG,10060.5,PvCSS
S2,PNG,12358,EBP
S2,PNG,6565,LF005
S2,PNG,13381,LF010
S2,PNG,4985,LF016
S2,PNG,21566,MSP8
S2,PNG,12710,RBP2b.P87
S2,PNG,NA,PTEX150
S2,PNG,7145.5,PvCSS
S3,PNG,10588,EBP
S3,PNG,4461,LF005
S3,PNG,9829,LF010
S3,PNG,3306,LF016
S3,PNG,17265,MSP8
S3,PNG,11182,RBP2b.P87
S3,PNG,NA,PTEX150
S3,PNG,4950,PvCSS
S4,PNG,7385,EBP
S4,PNG,2487,LF005
S4,PNG,6367.5,LF010
S4,PNG,2167,LF016
S4,PNG,11326,MSP8
S4,PNG,9046,RBP2b.P87
S4,PNG,NA,PTEX150
S4,PNG,2709.5,PvCSS
S5,PNG,4577,EBP
S5,PNG,1392.5,LF005
S5,PNG,3385,LF010
S5,PNG,1399,LF016
S5,PNG,7070,MSP8
S5,PNG,6203.5,RBP2b.P87
S5,PNG,NA,PTEX150
S5,PNG,1598.5,PvCSS
S6,PNG,2666,EBP
S6,PNG,826,LF005
S6,PNG,1971,LF010
S6,PNG,857,LF016
S6,PNG,3713,MSP8
S6,PNG,4042,RBP2b.P87
S6,PNG,NA,PTEX150
S6,PNG,924,PvCSS
S7,PNG,1628,EBP
S7,PNG,487,LF005
S7,PNG,1095,LF010
S7,PNG,498,LF016
S7,PNG,2185,MSP8
S7,PNG,2452,RBP2b.P87
S7,PNG,NA,PTEX150
S7,PNG,490,PvCSS
S8,PNG,1067,EBP
S8,PNG,286,LF005
S8,PNG,637,LF010
S8,PNG,297,LF016
S8,PNG,1277.5,MSP8
S8,PNG,1459,RBP2b.P87
S8,PNG,NA,PTEX150
S8,PNG,281,PvCSS
S9,PNG,525.5,EBP
S9,PNG,171,LF005
S9,PNG,361,LF010
S9,PNG,164,LF016
S9,PNG,723,MSP8
S9,PNG,837,RBP2b.P87
S9,PNG,NA,PTEX150
S9,PNG,147,PvCSS
S10,PNG,300.5,EBP
S10,PNG,109,LF005
S10,PNG,207,LF010
S10,PNG,105.5,LF016
S10,PNG,412.5,MSP8
S10,PNG,490,RBP2b.P87
S10,PNG,NA,PTEX150
S10,PNG,92,PvCSS
S1,PNG,6019,EBP
S1,PNG,4141,LF005
S1,PNG,7679,LF010
S1,PNG,7530.5,LF016
S1,PNG,13736.5,MSP8
S1,PNG,6190,RBP2b.P87
S1,PNG,NA,PTEX150
S1,PNG,4273.5,PvCSS
S2,PNG,4987.5,EBP
S2,PNG,2757.5,LF005
S2,PNG,5816,LF010
S2,PNG,6064.5,LF016
S2,PNG,11866,MSP8
S2,PNG,6095,RBP2b.P87
S2,PNG,NA,PTEX150
S2,PNG,2680,PvCSS
S3,PNG,3720,EBP
S3,PNG,1932.5,LF005
S3,PNG,3967,LF010
S3,PNG,4481,LF016
S3,PNG,8654.5,MSP8
S3,PNG,4859,RBP2b.P87
S3,PNG,NA,PTEX150
S3,PNG,1820.5,PvCSS
S4,PNG,2383,EBP
S4,PNG,1181,LF005
S4,PNG,2452,LF010
S4,PNG,2661,LF016
S4,PNG,5767,MSP8
S4,PNG,3679,RBP2b.P87
S4,PNG,NA,PTEX150
S4,PNG,1105,PvCSS
S5,PNG,1568,EBP
S5,PNG,684.5,LF005
S5,PNG,1382,LF010
S5,PNG,1599.5,LF016
S5,PNG,3010,MSP8
S5,PNG,2364,RBP2b.P87
S5,PNG,NA,PTEX150
S5,PNG,626,PvCSS
S6,PNG,931,EBP
S6,PNG,392,LF005
S6,PNG,807,LF010
S6,PNG,916,LF016
S6,PNG,1789.5,MSP8
S6,PNG,1501,RBP2b.P87
S6,PNG,NA,PTEX150
S6,PNG,349.5,PvCSS
S7,PNG,555,EBP
S7,PNG,223.5,LF005
S7,PNG,427,LF010
S7,PNG,541,LF016
S7,PNG,1014,MSP8
S7,PNG,850,RBP2b.P87
S7,PNG,NA,PTEX150
S7,PNG,190,PvCSS
S8,PNG,295,EBP
S8,PNG,129,LF005
S8,PNG,245,LF010
S8,PNG,288,LF016
S8,PNG,559,MSP8
S8,PNG,458,RBP2b.P87
S8,PNG,NA,PTEX150
S8,PNG,107,PvCSS
S9,PNG,166,EBP
S9,PNG,81,LF005
S9,PNG,138.5,LF010
S9,PNG,150,LF016
S9,PNG,293,MSP8
S9,PNG,256,RBP2b.P87
S9,PNG,NA,PTEX150
S9,PNG,71,PvCSS
S10,PNG,106,EBP
S10,PNG,59.5,LF005
S10,PNG,85,LF010
S10,PNG,88.5,LF016
S10,PNG,159.5,MSP8
S10,PNG,142,RBP2b.P87
S10,PNG,NA,PTEX150
S10,PNG,52,PvCSS
S1,PNG,18530,EBP
S1,PNG,14073,LF005
S1,PNG,22826,LF010
S1,PNG,22377,LF016
S1,PNG,30457,MSP8
S1,PNG,16713,RBP2b.P87
S1,PNG,NA,PTEX150
S1,PNG,14815,PvCSS
S2,PNG,16297,EBP
S2,PNG,10913,LF005
S2,PNG,18775,LF010
S2,PNG,18930,LF016
S2,PNG,27803,MSP8
S2,PNG,15010,RBP2b.P87
S2,PNG,NA,PTEX150
S2,PNG,10734,PvCSS
S3,PNG,11693,EBP
S3,PNG,6992,LF005
S3,PNG,13162.5,LF010
S3,PNG,13524.5,LF016
S3,PNG,20828,MSP8
S3,PNG,11990,RBP2b.P87
S3,PNG,NA,PTEX150
S3,PNG,6874,PvCSS
S4,PNG,8463,EBP
S4,PNG,4238.5,LF005
S4,PNG,8757,LF010
S4,PNG,9160,LF016
S4,PNG,14812,MSP8
S4,PNG,9302,RBP2b.P87
S4,PNG,NA,PTEX150
S4,PNG,4028,PvCSS
S5,PNG,5173.5,EBP
S5,PNG,2154,LF005
S5,PNG,5435,LF010
S5,PNG,5725,LF016
S5,PNG,9413,MSP8
S5,PNG,6462.5,RBP2b.P87
S5,PNG,NA,PTEX150
S5,PNG,1944,PvCSS
S6,PNG,2835,EBP
S6,PNG,1286.5,LF005
S6,PNG,2800.5,LF010
S6,PNG,3101,LF016
S6,PNG,5981,MSP8
S6,PNG,3834.5,RBP2b.P87
S6,PNG,NA,PTEX150
S6,PNG,1054,PvCSS
S7,PNG,1638,EBP
S7,PNG,661,LF005
S7,PNG,1554.5,LF010
S7,PNG,1679.5,LF016
S7,PNG,2844.5,MSP8
S7,PNG,1971,RBP2b.P87
S7,PNG,NA,PTEX150
S7,PNG,525.5,PvCSS
S8,PNG,941,EBP
S8,PNG,383.5,LF005
S8,PNG,945,LF010
S8,PNG,1016,LF016
S8,PNG,1886,MSP8
S8,PNG,1164,RBP2b.P87
S8,PNG,NA,PTEX150
S8,PNG,278.5,PvCSS
S9,PNG,418,EBP
S9,PNG,180,LF005
S9,PNG,423,LF010
S9,PNG,464,LF016
S9,PNG,894.5,MSP8
S9,PNG,550.5,RBP2b.P87
S9,PNG,NA,PTEX150
S9,PNG,138,PvCSS
S10,PNG,245,EBP
S10,PNG,109,LF005
S10,PNG,231,LF010
S10,PNG,254,LF016
S10,PNG,476,MSP8
S10,PNG,299,RBP2b.P87
S10,PNG,NA,PTEX150
S10,PNG,87.5,PvCSS
S1,PNG,NA,EBP
S1,PNG,NA,LF005
S1,PNG,NA,LF010
S1,PNG,NA,LF016
S1,PNG,NA,MSP8
S1,PNG,NA,RBP2b.P87
S1,PNG,16845.5,PTEX150
S1,PNG,NA,PvCSS
S2,PNG,NA,EBP
S2,PNG,NA,LF005
S2,PNG,NA,LF010
S2,PNG,NA,LF016
S2,PNG,NA,MSP8
S2,PNG,NA,RBP2b.P87
S2,PNG,15178,PTEX150
S2,PNG,NA,PvCSS
S3,PNG,NA,EBP
S3,PNG,NA,LF005
S3,PNG,NA,LF010
S3,PNG,NA,LF016
S3,PNG,NA,MSP8
S3,PNG,NA,RBP2b.P87
S3,PNG,11675,PTEX150
S3,PNG,NA,PvCSS
S4,PNG,NA,EBP
S4,PNG,NA,LF005
S4,PNG,NA,LF010
S4,PNG,NA,LF016
S4,PNG,NA,MSP8
S4,PNG,NA,RBP2b.P87
S4,PNG,8319,PTEX150
S4,PNG,NA,PvCSS
S5,PNG,NA,EBP
S5,PNG,NA,LF005
S5,PNG,NA,LF010
S5,PNG,NA,LF016
S5,PNG,NA,MSP8
S5,PNG,NA,RBP2b.P87
S5,PNG,5722,PTEX150
S5,PNG,NA,PvCSS
S6,PNG,NA,EBP
S6,PNG,NA,LF005
S6,PNG,NA,LF010
S6,PNG,NA,LF016
S6,PNG,NA,MSP8
S6,PNG,NA,RBP2b.P87
S6,PNG,3361,PTEX150
S6,PNG,NA,PvCSS
S7,PNG,NA,EBP
S7,PNG,NA,LF005
S7,PNG,NA,LF010
S7,PNG,NA,LF016
S7,PNG,NA,MSP8
S7,PNG,NA,RBP2b.P87
S7,PNG,2051,PTEX150
S7,PNG,NA,PvCSS
S8,PNG,NA,EBP
S8,PNG,NA,LF005
S8,PNG,NA,LF010
S8,PNG,NA,LF016
S8,PNG,NA,MSP8
S8,PNG,NA,RBP2b.P87
S8,PNG,1242,PTEX150
S8,PNG,NA,PvCSS
S9,PNG,NA,EBP
S9,PNG,NA,LF005
S9,PNG,NA,LF010
S9,PNG,NA,LF016
S9,PNG,NA,MSP8
S9,PNG,NA,RBP2b.P87
S9,PNG,704,PTEX150
S9,PNG,NA,PvCSS
S10,PNG,NA,EBP
S10,PNG,NA,LF005
S10,PNG,NA,LF010
S10,PNG,NA,LF016
S10,PNG,NA,MSP8
S10,PNG,NA,RBP2b.P87
S10,PNG,389.5,PTEX150
S10,PNG,NA,PvCSS
S1,PNG,NA,EBP
S1,PNG,NA,LF005
S1,PNG,NA,LF010
S1,PNG,NA,LF016
S1,PNG,NA,MSP8
S1,PNG,NA,RBP2b.P87
S1,PNG,19717,PTEX150
S1,PNG,NA,PvCSS
S2,PNG,NA,EBP
S2,PNG,NA,LF005
S2,PNG,NA,LF010
S2,PNG,NA,LF016
S2,PNG,NA,MSP8
S2,PNG,NA,RBP2b.P87
S2,PNG,16569,PTEX150
S2,PNG,NA,PvCSS
S3,PNG,NA,EBP
S3,PNG,NA,LF005
S3,PNG,NA,LF010
S3,PNG,NA,LF016
S3,PNG,NA,MSP8
S3,PNG,NA,RBP2b.P87
S3,PNG,12294,PTEX150
S3,PNG,NA,PvCSS
S4,PNG,NA,EBP
S4,PNG,NA,LF005
S4,PNG,NA,LF010
S4,PNG,NA,LF016
S4,PNG,NA,MSP8
S4,PNG,NA,RBP2b.P87
S4,PNG,9234,PTEX150
S4,PNG,NA,PvCSS
S5,PNG,NA,EBP
S5,PNG,NA,LF005
S5,PNG,NA,LF010
S5,PNG,NA,LF016
S5,PNG,NA,MSP8
S5,PNG,NA,RBP2b.P87
S5,PNG,5798,PTEX150
S5,PNG,NA,PvCSS
S6,PNG,NA,EBP
S6,PNG,NA,LF005
S6,PNG,NA,LF010
S6,PNG,NA,LF016
S6,PNG,NA,MSP8
S6,PNG,NA,RBP2b.P87
S6,PNG,3706,PTEX150
S6,PNG,NA,PvCSS
S7,PNG,NA,EBP
S7,PNG,NA,LF005
S7,PNG,NA,LF010
S7,PNG,NA,LF016
S7,PNG,NA,MSP8
S7,PNG,NA,RBP2b.P87
S7,PNG,2153,PTEX150
S7,PNG,NA,PvCSS
S8,PNG,NA,EBP
S8,PNG,NA,LF005
S8,PNG,NA,LF010
S8,PNG,NA,LF016
S8,PNG,NA,MSP8
S8,PNG,NA,RBP2b.P87
S8,PNG,1346.5,PTEX150
S8,PNG,NA,PvCSS
S9,PNG,NA,EBP
S9,PNG,NA,LF005
S9,PNG,NA,LF010
S9,PNG,NA,LF016
S9,PNG,NA,MSP8
S9,PNG,NA,RBP2b.P87
S9,PNG,739,PTEX150
S9,PNG,NA,PvCSS
S10,PNG,NA,EBP
S10,PNG,NA,LF005
S10,PNG,NA,LF010
S10,PNG,NA,LF016
S10,PNG,NA,MSP8
S10,PNG,NA,RBP2b.P87
S10,PNG,412,PTEX150
S10,PNG,NA,PvCSS
S1,PNG,NA,EBP
S1,PNG,NA,LF005
S1,PNG,NA,LF010
S1,PNG,NA,LF016
S1,PNG,NA,MSP8
S1,PNG,NA,RBP2b.P87
S1,PNG,20718,PTEX150
S1,PNG,NA,PvCSS
S2,PNG,NA,EBP
S2,PNG,NA,LF005
S2,PNG,NA,LF010
S2,PNG,NA,LF016
S2,PNG,NA,MSP8
S2,PNG,NA,RBP2b.P87
S2,PNG,16969,PTEX150
S2,PNG,NA,PvCSS
S3,PNG,NA,EBP
S3,PNG,NA,LF005
S3,PNG,NA,LF010
S3,PNG,NA,LF016
S3,PNG,NA,MSP8
S3,PNG,NA,RBP2b.P87
S3,PNG,13313,PTEX150
S3,PNG,NA,PvCSS
S4,PNG,NA,EBP
S4,PNG,NA,LF005
S4,PNG,NA,LF010
S4,PNG,NA,LF016
S4,PNG,NA,MSP8
S4,PNG,NA,RBP2b.P87
S4,PNG,9190.5,PTEX150
S4,PNG,NA,PvCSS
S5,PNG,NA,EBP
S5,PNG,NA,LF005
S5,PNG,NA,LF010
S5,PNG,NA,LF016
S5,PNG,NA,MSP8
S5,PNG,NA,RBP2b.P87
S5,PNG,6504,PTEX150
S5,PNG,NA,PvCSS
S6,PNG,NA,EBP
S6,PNG,NA,LF005
S6,PNG,NA,LF010
S6,PNG,NA,LF016
S6,PNG,NA,MSP8
S6,PNG,NA,RBP2b.P87
S6,PNG,4057,PTEX150
S6,PNG,NA,PvCSS
S7,PNG,NA,EBP
S7,PNG,NA,LF005
S7,PNG,NA,LF010
S7,PNG,NA,LF016
S7,PNG,NA,MSP8
S7,PNG,NA,RBP2b.P87
S7,PNG,2318,PTEX150
S7,PNG,NA,PvCSS
S8,PNG,NA,EBP
S8,PNG,NA,LF005
S8,PNG,NA,LF010
S8,PNG,NA,LF016
S8,PNG,NA,MSP8
S8,PNG,NA,RBP2b.P87
S8,PNG,1353,PTEX150
S8,PNG,NA,PvCSS
S9,PNG,NA,EBP
S9,PNG,NA,LF005
S9,PNG,NA,LF010
S9,PNG,NA,LF016
S9,PNG,NA,MSP8
S9,PNG,NA,RBP2b.P87
S9,PNG,816,PTEX150
S9,PNG,NA,PvCSS
S10,PNG,NA,EBP
S10,PNG,NA,LF005
S10,PNG,NA,LF010
S10,PNG,NA,LF016
S10,PNG,NA,MSP8
S10,PNG,NA,RBP2b.P87
S10,PNG,426,PTEX150
S10,PNG,NA,PvCSS
S1,PNG,11040,LF005
S1,PNG,15474.5,EBP
S1,PNG,23275,LF010
S1,PNG,8608,PTEX150
S1,PNG,8475,RBP2b.P87
S1,PNG,21419,LF016
S1,PNG,11508,PvCSS
S2,PNG,9236,LF005
S2,PNG,13023,EBP
S2,PNG,20576,LF010
S2,PNG,5896,PTEX150
S2,PNG,7593.5,RBP2b.P87
S2,PNG,18561,LF016
S2,PNG,8174.5,PvCSS
S3,PNG,6571,LF005
S3,PNG,10904,EBP
S3,PNG,16715,LF010
S3,PNG,5126.5,PTEX150
S3,PNG,6106.5,RBP2b.P87
S3,PNG,15266,LF016
S3,PNG,6152.5,PvCSS
S4,PNG,4438,LF005
S4,PNG,8172,EBP
S4,PNG,12482,LF010
S4,PNG,3063.5,PTEX150
S4,PNG,4857,RBP2b.P87
S4,PNG,11864,LF016
S4,PNG,3903,PvCSS
S5,PNG,2406,LF005
S5,PNG,5456,EBP
S5,PNG,8454,LF010
S5,PNG,2018,PTEX150
S5,PNG,3385.5,RBP2b.P87
S5,PNG,7812,LF016
S5,PNG,2184,PvCSS
S6,PNG,1435,LF005
S6,PNG,3090,EBP
S6,PNG,5258.5,LF010
S6,PNG,1255.5,PTEX150
S6,PNG,2142,RBP2b.P87
S6,PNG,5135,LF016
S6,PNG,1202,PvCSS
S7,PNG,874,LF005
S7,PNG,1930,EBP
S7,PNG,3166,LF010
S7,PNG,784,PTEX150
S7,PNG,1468,RBP2b.P87
S7,PNG,2973,LF016
S7,PNG,663.5,PvCSS
S8,PNG,473,LF005
S8,PNG,1146,EBP
S8,PNG,1922,LF010
S8,PNG,422.5,PTEX150
S8,PNG,927,RBP2b.P87
S8,PNG,1763,LF016
S8,PNG,341,PvCSS
S9,PNG,263,LF005
S9,PNG,646,EBP
S9,PNG,1163,LF010
S9,PNG,240,PTEX150
S9,PNG,499,RBP2b.P87
S9,PNG,1014.5,LF016
S9,PNG,175,PvCSS
S10,PNG,142,LF005
S10,PNG,366,EBP
S10,PNG,686,LF010
S10,PNG,140.5,PTEX150
S10,PNG,317,RBP2b.P87
S10,PNG,579.5,LF016
S10,PNG,87.5,PvCSS
S1,PNG,11061.5,LF005
S1,PNG,15340,EBP
S1,PNG,24389,LF010
S1,PNG,9445.5,PTEX150
S1,PNG,8172.5,RBP2b.P87
S1,PNG,21006,LF016
S1,PNG,11310,PvCSS
S2,PNG,9030,LF005
S2,PNG,13578,EBP
S2,PNG,21334,LF010
S2,PNG,7198.5,PTEX150
S2,PNG,7630,RBP2b.P87
S2,PNG,19569,LF016
S2,PNG,8786,PvCSS
S3,PNG,6560.5,LF005
S3,PNG,10653,EBP
S3,PNG,16401,LF010
S3,PNG,5217.5,PTEX150
S3,PNG,6020,RBP2b.P87
S3,PNG,15775,LF016
S3,PNG,6058,PvCSS
S4,PNG,3946,LF005
S4,PNG,7701,EBP
S4,PNG,11698.5,LF010
S4,PNG,2961,PTEX150
S4,PNG,4668.5,RBP2b.P87
S4,PNG,11334,LF016
S4,PNG,3461,PvCSS
S5,PNG,2144.5,LF005
S5,PNG,4844.5,EBP
S5,PNG,7384,LF010
S5,PNG,1874,PTEX150
S5,PNG,3141,RBP2b.P87
S5,PNG,7194,LF016
S5,PNG,1887,PvCSS
S6,PNG,1298,LF005
S6,PNG,2823,EBP
S6,PNG,5121,LF010
S6,PNG,1149,PTEX150
S6,PNG,2219.5,RBP2b.P87
S6,PNG,4745,LF016
S6,PNG,1105,PvCSS
S7,PNG,775,LF005
S7,PNG,1801.5,EBP
S7,PNG,2970,LF010
S7,PNG,723.5,PTEX150
S7,PNG,1399.5,RBP2b.P87
S7,PNG,2780.5,LF016
S7,PNG,622,PvCSS
S8,PNG,439,LF005
S8,PNG,1013.5,EBP
S8,PNG,1801,LF010
S8,PNG,397,PTEX150
S8,PNG,822,RBP2b.P87
S8,PNG,1628,LF016
S8,PNG,295,PvCSS
S9,PNG,241,LF005
S9,PNG,597,EBP
S9,PNG,1088.5,LF010
S9,PNG,227,PTEX150
S9,PNG,502,RBP2b.P87
S9,PNG,928,LF016
S9,PNG,161,PvCSS
S10,PNG,136,LF005
S10,PNG,328,EBP
S10,PNG,635.5,LF010
S10,PNG,127,PTEX150
S10,PNG,276,RBP2b.P87
S10,PNG,554,LF016
S10,PNG,90,PvCSS
S1,PNG,13034,LF005
S1,PNG,16598,EBP
S1,PNG,27119,LF010
S1,PNG,12117,PTEX150
S1,PNG,9068,RBP2b.P87
S1,PNG,24035.5,LF016
S1,PNG,13297,PvCSS
S2,PNG,10401,LF005
S2,PNG,14292,EBP
S2,PNG,23846,LF010
S2,PNG,8550,PTEX150
S2,PNG,7869,RBP2b.P87
S2,PNG,20925,LF016
S2,PNG,9639.5,PvCSS
S3,PNG,7633.5,LF005
S3,PNG,11719,EBP
S3,PNG,18861,LF010
S3,PNG,6181,PTEX150
S3,PNG,6617,RBP2b.P87
S3,PNG,17116,LF016
S3,PNG,6757,PvCSS
S4,PNG,5212,LF005
S4,PNG,8964.5,EBP
S4,PNG,14394,LF010
S4,PNG,4318,PTEX150
S4,PNG,5298,RBP2b.P87
S4,PNG,13256.5,LF016
S4,PNG,4770,PvCSS
S5,PNG,2764,LF005
S5,PNG,5901,EBP
S5,PNG,9667,LF010
S5,PNG,2381.5,PTEX150
S5,PNG,4021,RBP2b.P87
S5,PNG,8858.5,LF016
S5,PNG,2466,PvCSS
S6,PNG,1653,LF005
S6,PNG,3664,EBP
S6,PNG,6301,LF010
S6,PNG,1436,PTEX150
S6,PNG,2347,RBP2b.P87
S6,PNG,5792,LF016
S6,PNG,1433.5,PvCSS
S7,PNG,961,LF005
S7,PNG,2134,EBP
S7,PNG,3648.5,LF010
S7,PNG,882,PTEX150
S7,PNG,1607,RBP2b.P87
S7,PNG,3248,LF016
S7,PNG,714,PvCSS
S8,PNG,539,LF005
S8,PNG,1228,EBP
S8,PNG,2171,LF010
S8,PNG,508,PTEX150
S8,PNG,995,RBP2b.P87
S8,PNG,1940,LF016
S8,PNG,409.5,PvCSS
S9,PNG,297.5,LF005
S9,PNG,718,EBP
S9,PNG,1295,LF010
S9,PNG,274,PTEX150
S9,PNG,572.5,RBP2b.P87
S9,PNG,1139.5,LF016
S9,PNG,218,PvCSS
S10,PNG,169,LF005
S10,PNG,389,EBP
S10,PNG,758,LF010
S10,PNG,155,PTEX150
S10,PNG,304,RBP2b.P87
S10,PNG,641,LF016
S10,PNG,112,PvCSS
S1,PNG,13086,LF005
S1,PNG,16855.5,EBP
S1,PNG,27555,LF010
S1,PNG,11376,PTEX150
S1,PNG,9049,RBP2b.P87
S1,PNG,24213.5,LF016
S1,PNG,12719.5,PvCSS
S2,PNG,10394,LF005
S2,PNG,14339,EBP
S2,PNG,24027,LF010
S2,PNG,8426,PTEX150
S2,PNG,7836.5,RBP2b.P87
S2,PNG,20488.5,LF016
S2,PNG,9260,PvCSS
S3,PNG,7421,LF005
S3,PNG,11297,EBP
S3,PNG,18546,LF010
S3,PNG,6105,PTEX150
S3,PNG,6263,RBP2b.P87
S3,PNG,17507,LF016
S3,PNG,6707.5,PvCSS
S4,PNG,4985,LF005
S4,PNG,8925,EBP
S4,PNG,13923,LF010
S4,PNG,3960,PTEX150
S4,PNG,5412,RBP2b.P87
S4,PNG,12740.5,LF016
S4,PNG,4567,PvCSS
S5,PNG,2710.5,LF005
S5,PNG,6138,EBP
S5,PNG,9490,LF010
S5,PNG,2412,PTEX150
S5,PNG,3827,RBP2b.P87
S5,PNG,8998,LF016
S5,PNG,2326,PvCSS
S6,PNG,1610.5,LF005
S6,PNG,3692,EBP
S6,PNG,6331,LF010
S6,PNG,1462,PTEX150
S6,PNG,2282,RBP2b.P87
S6,PNG,5639.5,LF016
S6,PNG,1396,PvCSS
S7,PNG,940,LF005
S7,PNG,2076.5,EBP
S7,PNG,3715,LF010
S7,PNG,862,PTEX150
S7,PNG,1596,RBP2b.P87
S7,PNG,3307,LF016
S7,PNG,744,PvCSS
S8,PNG,547,LF005
S8,PNG,1238,EBP
S8,PNG,2173.5,LF010
S8,PNG,509,PTEX150
S8,PNG,948.5,RBP2b.P87
S8,PNG,2037,LF016
S8,PNG,416.5,PvCSS
S9,PNG,299,LF005
S9,PNG,726,EBP
S9,PNG,1356,LF010
S9,PNG,284,PTEX150
S9,PNG,593,RBP2b.P87
S9,PNG,1130.5,LF016
S9,PNG,213,PvCSS
S10,PNG,163,LF005
S10,PNG,407.5,EBP
S10,PNG,790,LF010
S10,PNG,156,PTEX150
S10,PNG,327,RBP2b.P87
S10,PNG,632,LF016
S10,PNG,108.5,PvCSS
S1,PNG,13137.5,LF005
S1,PNG,17046,EBP
S1,PNG,28097.5,LF010
S1,PNG,12289,PTEX150
S1,PNG,8862,RBP2b.P87
S1,PNG,24857,LF016
S1,PNG,13222.5,PvCSS
S2,PNG,10280,LF005
S2,PNG,14363.5,EBP
S2,PNG,24214,LF010
S2,PNG,8484,PTEX150
S2,PNG,8078,RBP2b.P87
S2,PNG,21144,LF016
S2,PNG,9622,PvCSS
S3,PNG,7077,LF005
S3,PNG,10833,EBP
S3,PNG,17860,LF010
S3,PNG,5611,PTEX150
S3,PNG,6121,RBP2b.P87
S3,PNG,16149.5,LF016
S3,PNG,6325,PvCSS
S4,PNG,5017,LF005
S4,PNG,8663,EBP
S4,PNG,13662,LF010
S4,PNG,4040,PTEX150
S4,PNG,5092,RBP2b.P87
S4,PNG,12604,LF016
S4,PNG,4433.5,PvCSS
S5,PNG,2701,LF005
S5,PNG,5991,EBP
S5,PNG,9624,LF010
S5,PNG,2337,PTEX150
S5,PNG,3671,RBP2b.P87
S5,PNG,8762,LF016
S5,PNG,2390.5,PvCSS
S6,PNG,1620,LF005
S6,PNG,3292,EBP
S6,PNG,6316.5,LF010
S6,PNG,1450.5,PTEX150
S6,PNG,2365,RBP2b.P87
S6,PNG,5668,LF016
S6,PNG,1370,PvCSS
S7,PNG,910,LF005
S7,PNG,1998,EBP
S7,PNG,3503,LF010
S7,PNG,866,PTEX150
S7,PNG,1542.5,RBP2b.P87
S7,PNG,3158.5,LF016
S7,PNG,729,PvCSS
S8,PNG,493,LF005
S8,PNG,1107,EBP
S8,PNG,2028,LF010
S8,PNG,455,PTEX150
S8,PNG,862,RBP2b.P87
S8,PNG,1806,LF016
S8,PNG,367.5,PvCSS
S9,PNG,267,LF005
S9,PNG,649,EBP
S9,PNG,1246,LF010
S9,PNG,250,PTEX150
S9,PNG,519,RBP2b.P87
S9,PNG,1006.5,LF016
S9,PNG,201.5,PvCSS
S10,PNG,153,LF005
S10,PNG,370,EBP
S10,PNG,717,LF010
S10,PNG,139,PTEX150
S10,PNG,310,RBP2b.P87
S10,PNG,599,LF016
S10,PNG,96,PvCSS
S1,PNG,11581.5,LF005
S1,PNG,15463,EBP
S1,PNG,26024,LF010
S1,PNG,10475.5,PTEX150
S1,PNG,8246.5,RBP2b.P87
S1,PNG,22623,LF016
S1,PNG,11407,PvCSS
S2,PNG,9416,LF005
S2,PNG,13384,EBP
S2,PNG,22617,LF010
S2,PNG,7922.5,PTEX150
S2,PNG,7439,RBP2b.P87
S2,PNG,20016,LF016
S2,PNG,8646.5,PvCSS
S3,PNG,7112.5,LF005
S3,PNG,11236,EBP
S3,PNG,18231,LF010
S3,PNG,6035,PTEX150
S3,PNG,6430.5,RBP2b.P87
S3,PNG,16596.5,LF016
S3,PNG,6425,PvCSS
S4,PNG,4523,LF005
S4,PNG,8162,EBP
S4,PNG,12773,LF010
S4,PNG,3724.5,PTEX150
S4,PNG,4886.5,RBP2b.P87
S4,PNG,11894,LF016
S4,PNG,3714,PvCSS
S5,PNG,2487,LF005
S5,PNG,5243,EBP
S5,PNG,8428.5,LF010
S5,PNG,2152,PTEX150
S5,PNG,3207,RBP2b.P87
S5,PNG,7902,LF016
S5,PNG,2081,PvCSS
S6,PNG,1479.5,LF005
S6,PNG,3172,EBP
S6,PNG,5667.5,LF010
S6,PNG,1307,PTEX150
S6,PNG,2351,RBP2b.P87
S6,PNG,5347,LF016
S6,PNG,1210,PvCSS
S7,PNG,861.5,LF005
S7,PNG,1876,EBP
S7,PNG,3177,LF010
S7,PNG,773,PTEX150
S7,PNG,1398,RBP2b.P87
S7,PNG,2882,LF016
S7,PNG,663,PvCSS
S8,PNG,482,LF005
S8,PNG,1144.5,EBP
S8,PNG,2020,LF010
S8,PNG,451.5,PTEX150
S8,PNG,870,RBP2b.P87
S8,PNG,1775,LF016
S8,PNG,354,PvCSS
S9,PNG,272.5,LF005
S9,PNG,669,EBP
S9,PNG,1212,LF010
S9,PNG,253,PTEX150
S9,PNG,546,RBP2b.P87
S9,PNG,1075,LF016
S9,PNG,191,PvCSS
S10,PNG,151,LF005
S10,PNG,383,EBP
S10,PNG,722,LF010
S10,PNG,138,PTEX150
S10,PNG,309,RBP2b.P87
S10,PNG,596,LF016
S10,PNG,98,PvCSS
S1,PNG,12418,LF005
S1,PNG,16371,EBP
S1,PNG,26222.5,LF010
S1,PNG,10983.5,PTEX150
S1,PNG,8308,RBP2b.P87
S1,PNG,23198,LF016
S1,PNG,12070,PvCSS
S2,PNG,10360,LF005
S2,PNG,14073,EBP
S2,PNG,24328,LF010
S2,PNG,8813.5,PTEX150
S2,PNG,7801.5,RBP2b.P87
S2,PNG,20957.5,LF016
S2,PNG,9569,PvCSS
S3,PNG,7577.5,LF005
S3,PNG,11588.5,EBP
S3,PNG,19079,LF010
S3,PNG,6353,PTEX150
S3,PNG,6674,RBP2b.P87
S3,PNG,17506.5,LF016
S3,PNG,6638,PvCSS
S4,PNG,5128,LF005
S4,PNG,8799,EBP
S4,PNG,14101,LF010
S4,PNG,4122,PTEX150
S4,PNG,5239,RBP2b.P87
S4,PNG,13198,LF016
S4,PNG,4649.5,PvCSS
S5,PNG,2852,LF005
S5,PNG,6191,EBP
S5,PNG,9926,LF010
S5,PNG,2444.5,PTEX150
S5,PNG,4073,RBP2b.P87
S5,PNG,9057.5,LF016
S5,PNG,2515.5,PvCSS
S6,PNG,1748,LF005
S6,PNG,3916,EBP
S6,PNG,6589,LF010
S6,PNG,1486,PTEX150
S6,PNG,2406,RBP2b.P87
S6,PNG,6096.5,LF016
S6,PNG,1414,PvCSS
S7,PNG,1019,LF005
S7,PNG,2179,EBP
S7,PNG,4195,LF010
S7,PNG,892,PTEX150
S7,PNG,1676,RBP2b.P87
S7,PNG,3562,LF016
S7,PNG,782,PvCSS
S8,PNG,587,LF005
S8,PNG,1310,EBP
S8,PNG,2402.5,LF010
S8,PNG,549,PTEX150
S8,PNG,1050,RBP2b.P87
S8,PNG,2098,LF016
S8,PNG,422,PvCSS
S9,PNG,327,LF005
S9,PNG,745,EBP
S9,PNG,1481,LF010
S9,PNG,298.5,PTEX150
S9,PNG,607,RBP2b.P87
S9,PNG,1243,LF016
S9,PNG,218,PvCSS
S10,PNG,177,LF005
S10,PNG,440.5,EBP
S10,PNG,850.5,LF010
S10,PNG,166.5,PTEX150
S10,PNG,362,RBP2b.P87
S10,PNG,688,LF016
S10,PNG,113,PvCSS
S1,PNG,11557,LF005
S1,PNG,15709,EBP
S1,PNG,25332,LF010
S1,PNG,9763,PTEX150
S1,PNG,8434,RBP2b.P87
S1,PNG,22599,LF016
S1,PNG,11889,PvCSS
S2,PNG,9576,LF005
S2,PNG,13561,EBP
S2,PNG,22442,LF010
S2,PNG,7577,PTEX150
S2,PNG,7799,RBP2b.P87
S2,PNG,19246.5,LF016
S2,PNG,8804,PvCSS
S3,PNG,7221,LF005
S3,PNG,11302,EBP
S3,PNG,18332,LF010
S3,PNG,5819,PTEX150
S3,PNG,6538,RBP2b.P87
S3,PNG,16693,LF016
S3,PNG,6323,PvCSS
S4,PNG,5033,LF005
S4,PNG,8978,EBP
S4,PNG,14042.5,LF010
S4,PNG,4091.5,PTEX150
S4,PNG,5091,RBP2b.P87
S4,PNG,12935,LF016
S4,PNG,4421,PvCSS
S5,PNG,2825,LF005
S5,PNG,6101.5,EBP
S5,PNG,9902,LF010
S5,PNG,2361.5,PTEX150
S5,PNG,4030,RBP2b.P87
S5,PNG,9103.5,LF016
S5,PNG,2388,PvCSS
S6,PNG,1681,LF005
S6,PNG,3901,EBP
S6,PNG,6243,LF010
S6,PNG,1469,PTEX150
S6,PNG,2463.5,RBP2b.P87
S6,PNG,5932,LF016
S6,PNG,1405,PvCSS
S7,PNG,977.5,LF005
S7,PNG,2130,EBP
S7,PNG,4027.5,LF010
S7,PNG,909,PTEX150
S7,PNG,1616,RBP2b.P87
S7,PNG,3451.5,LF016
S7,PNG,783,PvCSS
S8,PNG,583,LF005
S8,PNG,1279,EBP
S8,PNG,2367,LF010
S8,PNG,548.5,PTEX150
S8,PNG,952,RBP2b.P87
S8,PNG,2100.5,LF016
S8,PNG,430,PvCSS
S9,PNG,316.5,LF005
S9,PNG,731,EBP
S9,PNG,1391,LF010
S9,PNG,290.5,PTEX150
S9,PNG,548,RBP2b.P87
S9,PNG,1224,LF016
S9,PNG,211,PvCSS
S10,PNG,176,LF005
S10,PNG,424.5,EBP
S10,PNG,848,LF010
S10,PNG,157,PTEX150
S10,PNG,374,RBP2b.P87
S10,PNG,693.5,LF016
S10,PNG,101,PvCSS
S1,PNG,12258,LF005
S1,PNG,16805,EBP
S1,PNG,27095.5,LF010
S1,PNG,10891.5,PTEX150
S1,PNG,8575,RBP2b.P87
S1,PNG,23939.5,LF016
S1,PNG,12978,PvCSS
S2,PNG,10106,LF005
S2,PNG,14010,EBP
S2,PNG,23437.5,LF010
S2,PNG,7918,PTEX150
S2,PNG,7653,RBP2b.P87
S2,PNG,20655.5,LF016
S2,PNG,9433,PvCSS
S3,PNG,7224.5,LF005
S3,PNG,11107,EBP
S3,PNG,17947.5,LF010
S3,PNG,5615,PTEX150
S3,PNG,6427,RBP2b.P87
S3,PNG,16430,LF016
S3,PNG,6539,PvCSS
S4,PNG,4540,LF005
S4,PNG,8131,EBP
S4,PNG,12936.5,LF010
S4,PNG,3401,PTEX150
S4,PNG,4878,RBP2b.P87
S4,PNG,12351,LF016
S4,PNG,3837.5,PvCSS
S5,PNG,2665,LF005
S5,PNG,5968,EBP
S5,PNG,9460,LF010
S5,PNG,2233,PTEX150
S5,PNG,3416,RBP2b.P87
S5,PNG,8738,LF016
S5,PNG,2342.5,PvCSS
S6,PNG,1580,LF005
S6,PNG,3360.5,EBP
S6,PNG,5951.5,LF010
S6,PNG,1388,PTEX150
S6,PNG,2258.5,RBP2b.P87
S6,PNG,5602,LF016
S6,PNG,1292,PvCSS
S7,PNG,933,LF005
S7,PNG,2018,EBP
S7,PNG,3523,LF010
S7,PNG,838,PTEX150
S7,PNG,1578,RBP2b.P87
S7,PNG,3223,LF016
S7,PNG,730,PvCSS
S8,PNG,526,LF005
S8,PNG,1228,EBP
S8,PNG,2164,LF010
S8,PNG,479,PTEX150
S8,PNG,900,RBP2b.P87
S8,PNG,1880,LF016
S8,PNG,365.5,PvCSS
S9,PNG,272,LF005
S9,PNG,663,EBP
S9,PNG,1298,LF010
S9,PNG,252.5,PTEX150
S9,PNG,537,RBP2b.P87
S9,PNG,1082,LF016
S9,PNG,180.5,PvCSS
S10,PNG,152,LF005
S10,PNG,378.5,EBP
S10,PNG,764.5,LF010
S10,PNG,141.5,PTEX150
S10,PNG,309.5,RBP2b.P87
S10,PNG,630.5,LF016
S10,PNG,96,PvCSS
S1,PNG,13555,LF005
S1,PNG,17323,EBP
S1,PNG,27677,LF010
S1,PNG,11765,PTEX150
S1,PNG,9114.5,RBP2b.P87
S1,PNG,24790,LF016
S1,PNG,13426.5,PvCSS
S2,PNG,10045,LF005
S2,PNG,14013,EBP
S2,PNG,23497,LF010
S2,PNG,7952.5,PTEX150
S2,PNG,7531,RBP2b.P87
S2,PNG,20614,LF016
S2,PNG,9361,PvCSS
S3,PNG,7580.5,LF005
S3,PNG,11588,EBP
S3,PNG,19688,LF010
S3,PNG,5929,PTEX150
S3,PNG,6209.5,RBP2b.P87
S3,PNG,17123,LF016
S3,PNG,7138,PvCSS
S4,PNG,5300.5,LF005
S4,PNG,8715.5,EBP
S4,PNG,14082.5,LF010
S4,PNG,4066,PTEX150
S4,PNG,5072,RBP2b.P87
S4,PNG,12917.5,LF016
S4,PNG,4684,PvCSS
S5,PNG,2733,LF005
S5,PNG,5888,EBP
S5,PNG,9738,LF010
S5,PNG,2231.5,PTEX150
S5,PNG,3653.5,RBP2b.P87
S5,PNG,8961.5,LF016
S5,PNG,2386,PvCSS
S6,PNG,1592,LF005
S6,PNG,3411.5,EBP
S6,PNG,6313,LF010
S6,PNG,1331.5,PTEX150
S6,PNG,2342,RBP2b.P87
S6,PNG,5804,LF016
S6,PNG,1304,PvCSS
S7,PNG,952,LF005
S7,PNG,2047.5,EBP
S7,PNG,3966,LF010
S7,PNG,825.5,PTEX150
S7,PNG,1505,RBP2b.P87
S7,PNG,3318,LF016
S7,PNG,715,PvCSS
S8,PNG,588,LF005
S8,PNG,1251,EBP
S8,PNG,2433.5,LF010
S8,PNG,520,PTEX150
S8,PNG,1091,RBP2b.P87
S8,PNG,2171,LF016
S8,PNG,389.5,PvCSS
S9,PNG,300,LF005
S9,PNG,714,EBP
S9,PNG,1383,LF010
S9,PNG,266.5,PTEX150
S9,PNG,585,RBP2b.P87
S9,PNG,1187,LF016
S9,PNG,192,PvCSS
S10,PNG,156,LF005
S10,PNG,376,EBP
S10,PNG,805.5,LF010
S10,PNG,143,PTEX150
S10,PNG,307,RBP2b.P87
S10,PNG,662,LF016
S10,PNG,101,PvCSS